analysis_type,analysis_grade_family,grade_order,routes,total_ticks,mean_ticks,median_ticks,total_route_climber_pairs,mean_climbers,median_climbers
Bouldering,V-easy,-1.0,1015,6804,6.703448275862069,2.0,6250,6.157635467980295,2.0
Bouldering,V0,0.0,4435,36701,8.27531003382187,3.0,33904,7.6446448703494925,2.0
Bouldering,V1,1.0,3893,32227,8.278191625995376,2.0,29478,7.572052401746725,2.0
Bouldering,V10,10.0,242,674,2.7851239669421486,2.0,638,2.6363636363636362,2.0
Bouldering,V11,11.0,86,143,1.6627906976744187,1.0,140,1.627906976744186,1.0
Bouldering,V12,12.0,26,50,1.9230769230769231,1.0,48,1.8461538461538463,1.0
Bouldering,V13,13.0,4,13,3.25,1.0,13,3.25,1.0
Bouldering,V14,14.0,2,3,1.5,1.5,3,1.5,1.5
Bouldering,V16,16.0,1,2,2.0,2.0,2,2.0,2.0
Bouldering,V2,2.0,4016,32765,8.158615537848606,2.0,30715,7.648157370517929,2.0
Bouldering,V3,3.0,3745,30802,8.22483311081442,2.0,29135,7.779706275033377,2.0
Bouldering,V4,4.0,3022,24929,8.249172733289212,2.0,23584,7.804103242885506,2.0
Bouldering,V5,5.0,2177,17287,7.940744143316491,2.0,16496,7.577400091869546,2.0
Bouldering,V6,6.0,1595,11637,7.295924764890282,2.0,11227,7.038871473354232,2.0
Bouldering,V7,7.0,1089,7138,6.55463728191001,2.0,6842,6.282828282828283,2.0
Bouldering,V8,8.0,746,3513,4.70911528150134,2.0,3371,4.518766756032171,2.0
Bouldering,V9,9.0,427,1454,3.4051522248243558,2.0,1382,3.2365339578454333,2.0
Bouldering,,,9,47,5.222222222222222,3.0,44,4.888888888888889,3.0
Sport,5.1,1.0,7,167,23.857142857142858,6.0,154,22.0,6.0
Sport,5.10,10.0,10923,310717,28.44612286002014,8.0,278131,25.462876499130275,8.0
Sport,5.11,11.0,8826,150317,17.031157942442782,5.0,135331,15.333220031724451,5.0
Sport,5.12,12.0,5611,64395,11.476563892354305,4.0,57827,10.30600605952593,3.0
Sport,5.13,13.0,1318,5843,4.4332321699544766,2.0,5353,4.0614567526555385,2.0
Sport,5.14,14.0,83,150,1.8072289156626506,1.0,146,1.7590361445783131,1.0
Sport,5.15,15.0,1,1,1.0,1.0,1,1.0,1.0
Sport,5.2,2.0,23,396,17.217391304347824,12.0,364,15.826086956521738,10.0
Sport,5.3,3.0,49,2271,46.3469387755102,13.0,1933,39.44897959183673,12.0
Sport,5.4,4.0,124,4008,32.32258064516129,9.0,3491,28.153225806451612,8.5
Sport,5.5,5.0,307,9859,32.11400651465798,13.0,8667,28.23127035830619,10.0
Sport,5.6,6.0,720,28634,39.769444444444446,12.0,25169,34.956944444444446,12.0
Sport,5.7,7.0,1722,81476,47.314750290360045,17.0,71893,41.749709639953544,15.0
Sport,5.8,8.0,2943,130639,44.389738362215425,14.0,115233,39.154943934760446,13.0
Sport,5.9,9.0,4183,163959,39.196509682046376,12.0,145830,34.86253884771695,11.0
Sport,,,16,167,10.4375,2.5,144,9.0,2.5
Trad,5.0,0.0,4,8,2.0,2.0,8,2.0,2.0
Trad,5.1,1.0,37,373,10.08108108108108,3.0,333,9.0,3.0
Trad,5.10,10.0,8542,163711,19.165417934909858,4.0,144893,16.962420978693515,4.0
Trad,5.11,11.0,4054,52410,12.927972372964973,3.0,45997,11.34607794770597,3.0
Trad,5.12,12.0,1208,8051,6.664735099337748,2.0,7199,5.9594370860927155,2.0
Trad,5.13,13.0,128,500,3.90625,2.0,437,3.4140625,2.0
Trad,5.14,14.0,5,24,4.8,3.0,19,3.8,2.0
Trad,5.2,2.0,186,3919,21.06989247311828,6.0,3160,16.989247311827956,6.0
Trad,5.3,3.0,310,9333,30.106451612903225,6.0,7578,24.44516129032258,5.0
Trad,5.4,4.0,788,24829,31.508883248730964,6.0,20620,26.16751269035533,5.0
Trad,5.5,5.0,1053,34157,32.4377967711301,6.0,28651,27.20892687559354,5.0
Trad,5.6,6.0,2171,80055,36.87471211423307,6.0,68113,31.374021188392447,6.0
Trad,5.7,7.0,3965,129654,32.69962168978562,6.0,112167,28.289281210592687,6.0
Trad,5.8,8.0,5033,138098,27.43850586131532,5.0,120849,24.011325253328035,5.0
Trad,5.9,9.0,5467,128726,23.546003292482165,5.0,112633,20.60234132065118,4.0
Trad,,,398,6340,15.92964824120603,3.0,4760,11.959798994974875,3.0
