analysis_type,length_band,routes,total_ticks,mean_ticks,median_ticks,total_route_climber_pairs,mean_climbers,median_climbers
Bouldering,≤30,27,648,24.0,4.0,518,19.185185185185187,4.0
Bouldering,31–60,23,284,12.347826086956522,4.0,260,11.304347826086957,4.0
Bouldering,61–100,3,120,40.0,49.0,100,33.333333333333336,44.0
Bouldering,,26477,205137,7.747743324394758,2.0,192394,7.266457680250784,2.0
Sport,≤30,2387,41398,17.343108504398828,6.0,36974,15.489736070381232,6.0
Sport,31–60,16584,396357,23.899963820549928,7.0,354850,21.397129763627593,6.0
Sport,61–100,11090,324736,29.281875563570786,7.0,289266,26.08349864743012,6.0
Sport,101–150,1287,31146,24.2004662004662,6.0,27409,21.296814296814297,5.0
Sport,151–300,642,18590,28.956386292834893,9.0,16456,25.63239875389408,8.0
Sport,301–600,161,6754,41.95031055900621,10.0,5912,36.72049689440994,9.0
Sport,601–1500,30,2425,80.83333333333333,19.5,2159,71.96666666666667,18.0
Sport,>1500,7,297,42.42857142857143,3.0,275,39.285714285714285,3.0
Sport,,4668,131296,28.12682090831191,8.0,116366,24.928449014567267,7.0
Trad,≤30,1914,22205,11.60135841170324,3.0,19322,10.095088819226751,3.0
Trad,31–60,9600,159248,16.588333333333335,4.0,140170,14.601041666666667,4.0
Trad,61–100,9242,191710,20.7433455961913,5.0,167712,18.146721488855228,4.0
Trad,101–150,2816,64649,22.957741477272727,4.0,56218,19.96377840909091,4.0
Trad,151–300,3038,107485,35.38018433179724,4.0,90708,29.857801184990127,4.0
Trad,301–600,1669,65641,39.329538645895745,4.0,56978,34.13900539245057,4.0
Trad,601–1500,1009,37791,37.45391476709614,6.0,34272,33.966303270564914,5.0
Trad,>1500,169,6534,38.662721893491124,4.0,6057,35.84023668639053,4.0
Trad,,3892,124925,32.097893114080165,6.0,105980,27.230215827338128,5.0
