style,tick_range,routes,percent
Sport,1,6257,16.976883004124158
Sport,2-4,8545,23.184827436509657
Sport,5-9,6374,17.294334708052965
Sport,10-24,7060,19.155632732797915
Sport,25-49,3883,10.535598003038855
Sport,50-99,2520,6.837421315389625
Sport,100+,2217,6.0153028000868245
Trad,1,7698,23.08315091906804
Trad,2-4,9134,27.389127110258176
Trad,5-9,5365,16.087438903715253
Trad,10-24,5131,15.385768688716302
Trad,25-49,2587,7.757354043599508
Trad,50-99,1782,5.343488560376623
Trad,100+,1652,4.953671774266095
Bouldering,1,9710,36.600075386355066
Bouldering,2-4,8398,31.654730493780626
Bouldering,5-9,3775,14.229174519411986
Bouldering,10-24,2819,10.625706747078778
Bouldering,25-49,1152,4.342254052016585
Bouldering,50-99,467,1.760271390878251
Bouldering,100+,209,0.7877874104787033
