analysis_type,protection_group,routes,total_ticks,mean_ticks,median_ticks,total_route_climber_pairs,mean_climbers,median_climbers
Bouldering,Not recorded,25127,196423,7.81720858041151,2.0,184312,7.335217097146495,2.0
Bouldering,PG-13,962,5913,6.146569646569646,2.0,5561,5.78066528066528,2.0
Bouldering,R,377,3585,9.509283819628648,2.0,3148,8.350132625994695,2.0
Bouldering,X,64,268,4.1875,2.0,251,3.921875,1.5
Sport,Not recorded,35785,938276,26.219812770713986,7.0,836291,23.369875646220482,6.0
Sport,PG-13,751,10913,14.531291611185086,4.0,9891,13.170439414114513,4.0
Sport,R,294,3646,12.401360544217686,3.0,3325,11.30952380952381,3.0
Sport,X,26,164,6.3076923076923075,2.0,160,6.153846153846154,2.0
Trad,Not recorded,28023,712532,25.426685222852658,5.0,617930,22.05081540163437,5.0
Trad,PG-13,2782,33787,12.144859813084112,3.0,29991,10.780373831775702,3.0
Trad,R,2238,31560,14.101876675603217,3.0,27401,12.243521000893654,3.0
Trad,X,306,2309,7.545751633986928,2.0,2095,6.84640522875817,2.0
