term,coefficient,ci_low,ci_high,p_value,percent_change_in_geometric_count_plus_one
Intercept,2.400596679240979,2.1094384857980777,2.6917548726838807,2.0314994655327167e-57,1002.9755643817263
C(analysis_grade_family)[T.5.11],-0.2588345153423314,-0.2930510413315218,-0.22461798935314092,8.610422104155466e-49,-22.804924151871127
C(analysis_grade_family)[T.5.12],-0.4449577846911903,-0.49433933572769045,-0.39557623365469013,6.384918152342778e-68,-35.91486708019509
C(analysis_grade_family)[T.5.13],-0.8410229931591034,-0.9236144447850232,-0.7584315415331837,1.3904509877549003e-85,-56.873088766434144
C(analysis_grade_family)[T.5.2],-0.08988641491630853,-0.2774975886005847,0.09772475876796768,0.3476444503861294,-8.596499988280716
C(analysis_grade_family)[T.5.3],0.1598651046287885,-0.02895371965830698,0.34868392891588396,0.09701413788542287,17.33525804838155
C(analysis_grade_family)[T.5.4],0.24745783202780974,0.13590696467327587,0.3590086993823436,1.3938834400518495e-05,28.07653539671889
C(analysis_grade_family)[T.5.5],0.24109673683383767,0.14124393330191307,0.3409495403657623,2.2641485340708862e-06,27.264414091850416
C(analysis_grade_family)[T.5.6],0.30118174561748273,0.23376994156512543,0.36859354966984004,2.6101593674290066e-18,35.1454940231709
C(analysis_grade_family)[T.5.7],0.2741380038556886,0.22404091924803388,0.3242350884633433,1.4022993226758776e-26,31.539631947724345
C(analysis_grade_family)[T.5.8],0.2321261557008939,0.1901346361715141,0.2741176752302737,4.3779271098379285e-27,26.127883630757765
C(analysis_grade_family)[T.5.9],0.16019591919859738,0.1260782727181058,0.19431356567908897,4.799255129873642e-20,17.374080682488685
C(state)[T.Alaska],-0.9291114362181965,-1.1868761329656325,-0.6713467394707604,1.7944339520249368e-12,-60.509554768617036
C(state)[T.Arizona],-0.2089515199081079,-0.46005764534968085,0.04215460553346506,0.10288536070314967,-18.85654268874694
C(state)[T.Arkansas],-0.08708999409928106,-0.4434649438428816,0.26928495564431953,0.6319019457132888,-8.340539618445671
C(state)[T.California],0.035688667479307434,-0.20864082727650607,0.28001816223512094,0.7746194562165584,3.6333152048388633
C(state)[T.Colorado],0.05367312683849701,-0.19509207499118927,0.3024383286681833,0.6723314342086091,5.513964894730009
C(state)[T.Connecticut],-0.17902441852812287,-0.534190712625947,0.1761418755697012,0.3231196184536255,-16.391451682911452
C(state)[T.Georgia],-0.2538010578295222,-0.5712101843572017,0.06360806869815727,0.1170462719614732,-22.415386479162493
C(state)[T.Hawaii],0.312133215214637,0.027788594078339446,0.5964778363509345,0.03144231000602438,36.63366977427685
C(state)[T.Idaho],-0.11879468657400852,-0.3864518081206917,0.14886243497267462,0.38429004769483155,-11.200990166342411
C(state)[T.Illinois],-0.09850049778923972,-0.41666403124261453,0.21966303566413506,0.5439272491049397,-9.380475848008182
C(state)[T.Iowa],0.019237685439790986,-0.3696909678119911,0.4081663386915731,0.9227553416626695,1.9423922047079292
C(state)[T.Kansas],-1.4153939929847836,-1.6598591976054569,-1.1709287883641104,1.6011459106405923e-29,-75.71700786865277
C(state)[T.Kentucky],0.5906294977574462,0.3096351982646049,0.8716237972502876,3.835279163334416e-05,80.51243795657447
C(state)[T.Maine],-0.021759339724868487,-0.5468644970083947,0.5033458175586576,0.9352577542213218,-2.15243130538553
C(state)[T.Maryland],-0.11069568679889971,-0.44535345718785235,0.2239620835900529,0.5167223242308414,-10.478886795270643
C(state)[T.Massachusetts],0.11968879949719477,-0.2742409137865517,0.5136185127809413,0.5514436506928696,12.714602858323056
C(state)[T.Michigan],-0.6780119124747317,-1.0286546811952655,-0.3273691437541979,0.0001518759391165801,-49.23748068481718
C(state)[T.Minnesota],0.09818435598860037,-0.28366521035389536,0.4800339223310961,0.6142286484097967,10.316614164756778
C(state)[T.Missouri],-0.6306845768324356,-0.9032013959989125,-0.35816775766595876,5.8315149265116385e-06,-46.77726742313311
C(state)[T.Montana],-0.5061478390525235,-0.8097637738369796,-0.20253190426806733,0.0010894340568053358,-39.718675442321654
C(state)[T.Nevada],0.3885577581826193,0.10368805318957813,0.6734274631756605,0.007518782127819038,47.48521657854376
C(state)[T.New Hampshire],0.14699097495707464,-0.1528878986032608,0.4468698485174101,0.3366316653317441,15.834350888279083
C(state)[T.New Jersey],-0.3620915070896473,-0.8087768979451111,0.08459388376581645,0.11208729894572085,-30.378134401619516
C(state)[T.New Mexico],-0.41096936913249726,-0.6705515905109695,-0.15138714775402506,0.0019210758393304144,-33.69927602233878
C(state)[T.New York],0.24641283591333965,-0.06584257252294443,0.5586682443496237,0.12191439989903782,27.942765821390974
C(state)[T.North Carolina],0.11278212220084716,-0.15892842682215425,0.38449267122384856,0.415836303027113,11.938801658011958
C(state)[T.Ohio],-0.30006263597884164,-0.736798316585725,0.1366730446280418,0.17806537819129536,-25.92281797394952
C(state)[T.Oklahoma],-0.11847258604191546,-0.4691909530625245,0.23224578097869358,0.507855634526196,-11.17238335113778
C(state)[T.Oregon],0.21232182328820973,-0.07871920804444252,0.5033628546208619,0.15272758445835838,23.654577027652028
C(state)[T.Pennsylvania],-0.24855844615459188,-0.5620514280087596,0.0649345356995758,0.12016168245400463,-22.007572407178642
C(state)[T.South Carolina],-0.8516892747922578,-1.1668676238640505,-0.5365109257204651,1.2208468839235207e-07,-57.33064798187374
C(state)[T.South Dakota],-0.38004756084110913,-0.6322441648809976,-0.12785095680122072,0.0031480839199715094,-31.617111503802185
C(state)[T.Tennessee],0.15585660705141,-0.1408282319797832,0.45254144608260316,0.30312467974492985,16.865861367007646
C(state)[T.Texas],-0.09338994117407409,-0.40783707037160477,0.2210571880234566,0.5604326750125286,-8.91617423008146
C(state)[T.Utah],0.0943080404726058,-0.1573968255814974,0.346012906526709,0.46266445166495446,9.889819890642485
C(state)[T.Vermont],-0.47010906327290747,-0.8109660570683553,-0.1292520694774596,0.00687703159884383,-37.50658927932501
C(state)[T.Virginia],-0.15270329559779047,-0.5224816160271353,0.2170750248315543,0.4182247440772763,-14.161562954665952
C(state)[T.Washington],-0.03128521482220692,-0.29352483492329956,0.23095440527888572,0.815089655678703,-3.0800896298726927
C(state)[T.West Virginia],0.2513211850416998,-0.02090591010824555,0.5235482801916451,0.07037418164412138,28.57229730075123
C(state)[T.Wisconsin],0.009140568533668958,-0.28310911616530116,0.30139025323263907,0.9511108001992642,0.9182471104025579
C(state)[T.Wyoming],-0.03428122356420271,-0.2912212385325492,0.2226587914041438,0.7936710550715573,-3.3700279828195003
"C(analysis_type, Treatment(reference=""Sport""))[T.Trad]",-0.26677557591733,-0.3163588828000017,-0.21719226903465827,9.290049439340576e-26,-23.415507377448517
log_length,0.17845690810222573,0.13755613643954714,0.2193576797649043,1.5380915627569475e-17,19.537137134267702
log_pitches,0.004878885579148562,-0.06186076474104049,0.07161853589933762,0.8860491088318442,0.4890806720806219
is_pg13,-0.363696849215391,-0.4212422305854814,-0.3061514678453007,8.804905745415056e-35,-30.489811651256964
is_r,-0.26396636531159506,-0.33023647638318604,-0.1976962542400041,6.902082590674713e-15,-23.20006293581781
is_x,-0.2974973096287942,-0.4811899830872012,-0.1138046361703873,0.0015070862580456995,-25.732541871159675
