name,formula,eligible_routes,fit_routes,excluded_routes,area_clusters,r_squared,adjusted_r_squared,design_rank,design_columns,condition_number,outcome,residual_mean,interpretation
roped_ticks,"log_ticks ~ C(analysis_grade_family) + C(state) + C(analysis_type, Treatment(reference=""Sport"")) + log_length + log_pitches + is_pg13 + is_r + is_x",70205,61377,8828,8517,0.12071877081608595,0.11980094072299208,65,65,1120.8665784862665,log_ticks,3.852723698795336e-16,"OLS on log(1 + sample count), conditional on observed routes; associations, not causal effects or arithmetic expected count ratios. Area-clustered intervals do not account for unobserved shared users or collection bias."
roped_climbers,"log_climbers ~ C(analysis_grade_family) + C(state) + C(analysis_type, Treatment(reference=""Sport"")) + log_length + log_pitches + is_pg13 + is_r + is_x",70205,61377,8828,8517,0.12393179416952138,0.12301731796301774,65,65,1120.8665784862665,log_climbers,5.927267228915901e-17,"OLS on log(1 + sample count), conditional on observed routes; associations, not causal effects or arithmetic expected count ratios. Area-clustered intervals do not account for unobserved shared users or collection bias."
roped_ticks_quality,"log_ticks ~ C(analysis_grade_family) + C(state) + C(analysis_type, Treatment(reference=""Sport"")) + log_length + log_pitches + is_pg13 + is_r + is_x + average_stars",70205,61277,8928,8510,0.21325564627965465,0.21242020194788724,66,66,1284.4137518835366,log_ticks,2.968470067963276e-15,"OLS on log(1 + sample count), conditional on observed routes; associations, not causal effects or arithmetic expected count ratios. Area-clustered intervals do not account for unobserved shared users or collection bias."
roped_ticks_quality_baseline,"log_ticks ~ C(analysis_grade_family) + C(state) + C(analysis_type, Treatment(reference=""Sport"")) + log_length + log_pitches + is_pg13 + is_r + is_x",70016,61277,8739,8510,0.12084211961349023,0.11992291905894636,65,65,1120.0482729460732,log_ticks,-1.6623432380594344e-15,"OLS on log(1 + sample count), conditional on observed routes; associations, not causal effects or arithmetic expected count ratios. Area-clustered intervals do not account for unobserved shared users or collection bias."
roped_ticks_ge5,"log_ticks ~ C(analysis_grade_family) + C(state) + C(analysis_type, Treatment(reference=""Sport"")) + log_length + log_pitches + is_pg13 + is_r + is_x",38571,33317,5254,5368,0.09619143765197224,0.09461524856615278,59,59,820.7527097697774,log_ticks,2.7844181523197973e-15,"OLS on log(1 + sample count), conditional on observed routes; associations, not causal effects or arithmetic expected count ratios. Area-clustered intervals do not account for unobserved shared users or collection bias."
roped_ticks_trimmed_length,"log_ticks ~ C(analysis_grade_family) + C(state) + C(analysis_type, Treatment(reference=""Sport"")) + log_length + log_pitches + is_pg13 + is_r + is_x",61617,61359,258,8510,0.12091387969366574,0.11999598378705811,65,65,1120.2595584414628,log_ticks,3.705628765840905e-15,"OLS on log(1 + sample count), conditional on observed routes; associations, not causal effects or arithmetic expected count ratios. Area-clustered intervals do not account for unobserved shared users or collection bias."
roped_ticks_source_grades_only,"log_ticks ~ C(analysis_grade_family) + C(state) + C(analysis_type, Treatment(reference=""Sport"")) + log_length + log_pitches + is_pg13 + is_r + is_x",68575,59962,8613,8454,0.12226294807787885,0.12133975474469416,64,64,1105.092792278447,log_ticks,1.425778025527088e-15,"OLS on log(1 + sample count), conditional on observed routes; associations, not causal effects or arithmetic expected count ratios. Area-clustered intervals do not account for unobserved shared users or collection bias."
boulder_ticks,log_ticks ~ C(analysis_grade_family) + C(state) + C(route_source) + is_pg13 + is_r + is_x,26530,26488,42,4476,0.08925574927834301,0.0871189037326573,63,63,179.79747720484448,log_ticks,1.0300830962393478e-15,"OLS on log(1 + sample count), conditional on observed routes; associations, not causal effects or arithmetic expected count ratios. Area-clustered intervals do not account for unobserved shared users or collection bias."
boulder_climbers,log_climbers ~ C(analysis_grade_family) + C(state) + C(route_source) + is_pg13 + is_r + is_x,26530,26488,42,4476,0.0908054264901833,0.08867221689481497,63,63,179.79747720484448,log_climbers,9.957469930313696e-16,"OLS on log(1 + sample count), conditional on observed routes; associations, not causal effects or arithmetic expected count ratios. Area-clustered intervals do not account for unobserved shared users or collection bias."
