state,Sport,Trad,Bouldering,Total
Colorado,220587,139868,25587,386042
California,120625,189611,60376,370612
Utah,94117,92615,20865,207597
Nevada,63092,42930,9334,115356
Kentucky,77779,12435,81,90295
New Hampshire,50850,18538,11539,80927
Arizona,44727,22742,4637,72106
Washington,33307,30448,5307,69062
New York,1962,63355,3261,68578
Oregon,38352,15035,592,53979
Wyoming,32134,19133,603,51870
West Virginia,24358,17440,1143,42941
Tennessee,15931,9358,8193,33482
North Carolina,7190,19663,3894,30747
Idaho,15532,12483,1104,29119
New Mexico,19109,6743,1296,27148
Wisconsin,3364,15667,7746,26777
Arkansas,18976,3452,2130,24558
Texas,13511,3398,7207,24116
Pennsylvania,11041,1769,2748,15558
Minnesota,6832,5765,1511,14108
South Dakota,9729,3723,502,13954
Alabama,4917,2437,4125,11479
Illinois,7137,1074,1913,10124
Massachusetts,579,3881,3278,7738
Montana,4041,3297,208,7546
Georgia,504,1721,4728,6953
Maine,1281,4925,232,6438
Virginia,1772,2391,1935,6098
Connecticut,471,4631,437,5539
Rhode Island,0,2,4900,4902
Oklahoma,1022,3409,436,4867
Maryland,19,2590,584,3193
Missouri,2332,393,460,3185
Vermont,803,1143,1208,3154
Alaska,1341,1019,166,2526
Ohio,1161,286,699,2146
Iowa,1295,121,76,1492
Hawaii,916,167,386,1469
New Jersey,0,315,363,678
Michigan,250,122,70,442
Indiana,2,0,195,197
South Carolina,44,76,20,140
Kansas,5,3,85,93
North Dakota,2,9,17,28
Florida,0,0,11,11
Delaware,0,4,1,5
Mississippi,0,1,0,1
