state,analysis_type,routes,total_ticks,mean_ticks,median_ticks,total_route_climber_pairs,mean_climbers,median_climbers
Alabama,Bouldering,464,4125,8.890086206896552,3.0,3886,8.375,3.0
Alabama,Sport,256,4917,19.20703125,5.0,4398,17.1796875,5.0
Alabama,Trad,181,2437,13.464088397790055,5.0,2016,11.138121546961326,4.0
Alaska,Bouldering,88,166,1.8863636363636365,1.0,145,1.6477272727272727,1.0
Alaska,Sport,333,1341,4.027027027027027,2.0,1204,3.6156156156156154,2.0
Alaska,Trad,270,1019,3.774074074074074,2.0,903,3.3444444444444446,2.0
Arizona,Bouldering,836,4637,5.54665071770335,2.0,4259,5.094497607655502,2.0
Arizona,Sport,2726,44727,16.407556859867938,6.0,39926,14.646368305209098,6.0
Arizona,Trad,1958,22742,11.61491317671093,4.0,20215,10.324310520939735,4.0
Arkansas,Bouldering,243,2130,8.765432098765432,3.0,2029,8.349794238683128,3.0
Arkansas,Sport,762,18976,24.902887139107612,8.0,17255,22.644356955380577,7.0
Arkansas,Trad,323,3452,10.687306501547988,4.0,3081,9.538699690402476,4.0
California,Bouldering,6048,60376,9.982804232804233,3.0,56403,9.325892857142858,3.0
California,Sport,5685,120625,21.218117854001758,6.0,107444,18.899560246262094,6.0
California,Trad,6754,189611,28.073882143914716,5.0,169220,25.05478235119929,4.0
Colorado,Bouldering,3461,25587,7.392950014446692,2.0,23665,6.837619185206588,2.0
Colorado,Sport,6614,220587,33.35152706380405,8.0,193171,29.206380405201088,8.0
Colorado,Trad,5660,139868,24.71166077738516,4.0,116374,20.56077738515901,4.0
Connecticut,Bouldering,239,437,1.8284518828451883,1.0,412,1.7238493723849373,1.0
Connecticut,Sport,46,471,10.23913043478261,4.5,360,7.826086956521739,4.0
Connecticut,Trad,351,4631,13.193732193732194,5.0,3620,10.313390313390313,4.0
Delaware,Bouldering,1,1,1.0,1.0,1,1.0,1.0
Delaware,Trad,1,4,4.0,4.0,4,4.0,4.0
Florida,Bouldering,4,11,2.75,3.0,11,2.75,3.0
Georgia,Bouldering,430,4728,10.995348837209303,4.0,4427,10.295348837209302,3.0
Georgia,Sport,37,504,13.621621621621621,9.0,451,12.18918918918919,8.0
Georgia,Trad,120,1721,14.341666666666667,7.0,1510,12.583333333333334,7.0
Hawaii,Bouldering,94,386,4.1063829787234045,2.0,382,4.0638297872340425,2.0
Hawaii,Sport,53,916,17.28301886792453,10.0,780,14.716981132075471,8.0
Hawaii,Trad,15,167,11.133333333333333,6.0,141,9.4,6.0
Idaho,Bouldering,463,1104,2.384449244060475,2.0,1072,2.3153347732181424,2.0
Idaho,Sport,1055,15532,14.722274881516588,4.0,14110,13.374407582938389,4.0
Idaho,Trad,593,12483,21.050590219224283,5.0,11388,19.204047217537944,5.0
Illinois,Bouldering,229,1913,8.353711790393014,3.0,1805,7.882096069868996,3.0
Illinois,Sport,378,7137,18.88095238095238,6.0,6481,17.145502645502646,6.0
Illinois,Trad,129,1074,8.325581395348838,5.0,980,7.596899224806202,4.0
Indiana,Bouldering,49,195,3.979591836734694,1.0,144,2.938775510204082,1.0
Indiana,Sport,1,2,2.0,2.0,2,2.0,2.0
Iowa,Bouldering,48,76,1.5833333333333333,1.0,75,1.5625,1.0
Iowa,Sport,85,1295,15.235294117647058,6.0,1148,13.505882352941176,6.0
Iowa,Trad,16,121,7.5625,2.5,102,6.375,2.0
Kansas,Bouldering,29,85,2.9310344827586206,2.0,84,2.896551724137931,2.0
Kansas,Sport,1,5,5.0,5.0,5,5.0,5.0
Kansas,Trad,3,3,1.0,1.0,3,1.0,1.0
Kentucky,Bouldering,40,81,2.025,1.0,81,2.025,1.0
Kentucky,Sport,1195,77779,65.08702928870292,17.0,71983,60.236820083682005,17.0
Kentucky,Trad,436,12435,28.520642201834864,7.0,11299,25.915137614678898,7.0
Maine,Bouldering,99,232,2.3434343434343434,1.0,212,2.1414141414141414,1.0
Maine,Sport,136,1281,9.419117647058824,4.0,1196,8.794117647058824,3.0
Maine,Trad,226,4925,21.792035398230087,5.0,4298,19.01769911504425,5.0
Maryland,Bouldering,188,584,3.106382978723404,2.0,563,2.99468085106383,2.0
Maryland,Sport,5,19,3.8,2.0,19,3.8,2.0
Maryland,Trad,234,2590,11.068376068376068,3.0,2141,9.149572649572649,3.0
Massachusetts,Bouldering,1604,3278,2.043640897755611,1.0,3090,1.92643391521197,1.0
Massachusetts,Sport,47,579,12.319148936170214,8.0,510,10.851063829787234,6.0
Massachusetts,Trad,211,3881,18.393364928909953,4.0,3230,15.308056872037914,4.0
Michigan,Bouldering,23,70,3.0434782608695654,2.0,68,2.9565217391304346,2.0
Michigan,Sport,38,250,6.578947368421052,3.0,224,5.894736842105263,3.0
Michigan,Trad,53,122,2.30188679245283,1.0,118,2.2264150943396226,1.0
Minnesota,Bouldering,425,1511,3.5552941176470587,2.0,1443,3.395294117647059,2.0
Minnesota,Sport,250,6832,27.328,8.5,5885,23.54,7.0
Minnesota,Trad,282,5765,20.44326241134752,7.0,4944,17.53191489361702,7.0
Mississippi,Trad,1,1,1.0,1.0,1,1.0,1.0
Missouri,Bouldering,159,460,2.893081761006289,2.0,434,2.729559748427673,2.0
Missouri,Sport,330,2332,7.066666666666666,4.0,2008,6.084848484848485,4.0
Missouri,Trad,90,393,4.366666666666666,3.0,350,3.888888888888889,2.0
Montana,Bouldering,139,208,1.4964028776978417,1.0,190,1.3669064748201438,1.0
Montana,Sport,558,4041,7.241935483870968,3.0,3631,6.507168458781362,3.0
Montana,Trad,312,3297,10.567307692307692,3.0,2731,8.753205128205128,3.0
Nevada,Bouldering,385,9334,24.244155844155845,5.0,7961,20.677922077922076,4.0
Nevada,Sport,1180,63092,53.46779661016949,10.0,57359,48.6093220338983,9.0
Nevada,Trad,1050,42930,40.885714285714286,5.0,39359,37.4847619047619,5.0
New Hampshire,Bouldering,1423,11539,8.10892480674631,3.0,11099,7.799718903724526,2.0
New Hampshire,Sport,704,50850,72.23011363636364,16.0,44232,62.82954545454545,15.0
New Hampshire,Trad,1021,18538,18.156709108716946,3.0,16171,15.838393731635652,3.0
New Jersey,Bouldering,77,363,4.714285714285714,3.0,344,4.467532467532467,3.0
New Jersey,Trad,51,315,6.176470588235294,3.0,286,5.607843137254902,3.0
New Mexico,Bouldering,335,1296,3.8686567164179104,2.0,1197,3.573134328358209,2.0
New Mexico,Sport,1640,19109,11.651829268292683,5.0,17278,10.535365853658536,5.0
New Mexico,Trad,1006,6743,6.702783300198807,3.0,5932,5.89662027833002,3.0
New York,Bouldering,461,3261,7.073752711496746,3.0,3015,6.540130151843818,2.0
New York,Sport,191,1962,10.272251308900524,6.0,1746,9.141361256544503,6.0
New York,Trad,1399,63355,45.285918513223734,8.0,51223,36.61401000714796,7.0
North Carolina,Bouldering,465,3894,8.374193548387098,4.0,3681,7.916129032258064,4.0
North Carolina,Sport,263,7190,27.338403041825096,8.0,5724,21.76425855513308,8.0
North Carolina,Trad,923,19663,21.303358613217767,4.0,16338,17.70097508125677,4.0
North Dakota,Bouldering,10,17,1.7,2.0,17,1.7,2.0
North Dakota,Sport,2,2,1.0,1.0,2,1.0,1.0
North Dakota,Trad,6,9,1.5,1.5,8,1.3333333333333333,1.0
Ohio,Bouldering,291,699,2.402061855670103,2.0,663,2.2783505154639174,1.0
Ohio,Sport,94,1161,12.351063829787234,4.0,953,10.138297872340425,3.5
Ohio,Trad,52,286,5.5,2.0,245,4.711538461538462,2.0
Oklahoma,Bouldering,163,436,2.6748466257668713,1.0,406,2.4907975460122698,1.0
Oklahoma,Sport,81,1022,12.617283950617283,5.0,867,10.703703703703704,5.0
Oklahoma,Trad,225,3409,15.151111111111112,5.0,2957,13.142222222222221,5.0
Oregon,Bouldering,152,592,3.8947368421052633,2.0,552,3.6315789473684212,2.0
Oregon,Sport,1038,38352,36.947976878612714,6.0,34206,32.95375722543353,6.0
Oregon,Trad,665,15035,22.60902255639098,7.0,13051,19.625563909774435,7.0
Pennsylvania,Bouldering,568,2748,4.838028169014085,2.0,2617,4.607394366197183,2.0
Pennsylvania,Sport,459,11041,24.054466230936818,8.0,9165,19.96732026143791,7.0
Pennsylvania,Trad,247,1769,7.161943319838056,3.0,1588,6.42914979757085,3.0
Rhode Island,Bouldering,550,4900,8.909090909090908,3.0,4708,8.56,3.0
Rhode Island,Trad,1,2,2.0,2.0,2,2.0,2.0
South Carolina,Bouldering,8,20,2.5,2.5,20,2.5,2.5
South Carolina,Sport,17,44,2.588235294117647,3.0,37,2.176470588235294,2.0
South Carolina,Trad,25,76,3.04,1.0,60,2.4,1.0
South Dakota,Bouldering,229,502,2.1921397379912664,1.0,499,2.1790393013100435,1.0
South Dakota,Sport,870,9729,11.182758620689656,4.0,8934,10.26896551724138,4.0
South Dakota,Trad,439,3723,8.480637813211844,3.0,3302,7.521640091116173,2.0
Tennessee,Bouldering,373,8193,21.96514745308311,7.0,7919,21.230563002680967,7.0
Tennessee,Sport,702,15931,22.693732193732195,7.0,14638,20.85185185185185,7.0
Tennessee,Trad,429,9358,21.813519813519815,4.0,8387,19.55011655011655,4.0
Texas,Bouldering,878,7207,8.208428246013668,3.0,6904,7.863325740318906,3.0
Texas,Sport,764,13511,17.68455497382199,6.0,11910,15.589005235602095,5.0
Texas,Trad,187,3398,18.171122994652407,5.0,2822,15.090909090909092,4.0
Utah,Bouldering,1624,20865,12.847906403940886,3.0,19931,12.272783251231527,3.0
Utah,Sport,3755,94117,25.06444740346205,8.0,83229,22.164846870838883,8.0
Utah,Trad,3205,92615,28.897035881435258,5.0,81833,25.532917316692668,5.0
Vermont,Bouldering,233,1208,5.184549356223176,2.0,1158,4.969957081545064,2.0
Vermont,Sport,107,803,7.5046728971962615,3.0,758,7.08411214953271,3.0
Vermont,Trad,156,1143,7.326923076923077,3.0,1060,6.794871794871795,3.0
Virginia,Bouldering,535,1935,3.616822429906542,2.0,1856,3.4691588785046727,2.0
Virginia,Sport,71,1772,24.95774647887324,4.0,1427,20.098591549295776,4.0
Virginia,Trad,291,2391,8.216494845360824,3.0,2097,7.206185567010309,3.0
Washington,Bouldering,646,5307,8.215170278637771,3.0,5063,7.837461300309598,3.0
Washington,Sport,1711,33307,19.466393921683228,6.0,29336,17.14552893045003,6.0
Washington,Trad,1368,30448,22.257309941520468,6.0,26021,19.021198830409357,5.0
West Virginia,Bouldering,310,1143,3.6870967741935483,2.0,1061,3.42258064516129,2.0
West Virginia,Sport,776,24358,31.38917525773196,8.0,22632,29.164948453608247,7.0
West Virginia,Trad,696,17440,25.057471264367816,5.0,15476,22.235632183908045,4.0
Wisconsin,Bouldering,1173,7746,6.603580562659847,2.0,7152,6.0971867007672635,2.0
Wisconsin,Sport,145,3364,23.2,9.0,2727,18.806896551724137,9.0
Wisconsin,Trad,813,15667,19.27060270602706,6.0,12863,15.821648216482165,5.0
Wyoming,Bouldering,238,603,2.533613445378151,2.0,568,2.3865546218487395,1.0
Wyoming,Sport,1695,32134,18.95811209439528,6.0,30316,17.885545722713864,6.0
Wyoming,Trad,875,19133,21.866285714285713,5.0,17667,20.190857142857144,4.0
