state,analysis_type,analysis_grade_family,routes,total_ticks,mean_ticks,median_ticks,total_route_climber_pairs,mean_climbers,median_climbers
Alabama,Bouldering,V-easy,9,37,4.111111111111111,4.0,37,4.111111111111111,4.0
Alabama,Bouldering,V0,58,529,9.120689655172415,5.0,496,8.551724137931034,5.0
Alabama,Bouldering,V1,65,487,7.492307692307692,3.0,468,7.2,2.0
Alabama,Bouldering,V10,1,2,2.0,2.0,2,2.0,2.0
Alabama,Bouldering,V11,5,7,1.4,1.0,7,1.4,1.0
Alabama,Bouldering,V2,103,1065,10.339805825242719,3.0,993,9.640776699029127,3.0
Alabama,Bouldering,V3,68,915,13.455882352941176,3.0,856,12.588235294117647,3.0
Alabama,Bouldering,V4,64,567,8.859375,3.0,526,8.21875,3.0
Alabama,Bouldering,V5,37,348,9.405405405405405,4.0,336,9.08108108108108,3.0
Alabama,Bouldering,V6,24,120,5.0,2.0,117,4.875,2.0
Alabama,Bouldering,V7,14,28,2.0,1.0,28,2.0,1.0
Alabama,Bouldering,V8,13,16,1.2307692307692308,1.0,16,1.2307692307692308,1.0
Alabama,Bouldering,V9,3,4,1.3333333333333333,1.0,4,1.3333333333333333,1.0
Alabama,Sport,5.10,46,1652,35.91304347826087,16.5,1463,31.804347826086957,15.5
Alabama,Sport,5.11,74,965,13.04054054054054,6.0,877,11.85135135135135,6.0
Alabama,Sport,5.12,82,370,4.512195121951219,3.0,348,4.2439024390243905,3.0
Alabama,Sport,5.13,12,27,2.25,1.0,26,2.1666666666666665,1.0
Alabama,Sport,5.4,1,2,2.0,2.0,2,2.0,2.0
Alabama,Sport,5.5,1,1,1.0,1.0,1,1.0,1.0
Alabama,Sport,5.6,1,3,3.0,3.0,3,3.0,3.0
Alabama,Sport,5.7,4,195,48.75,54.5,180,45.0,50.5
Alabama,Sport,5.8,17,913,53.705882352941174,24.0,795,46.76470588235294,21.0
Alabama,Sport,5.9,18,789,43.833333333333336,20.0,703,39.05555555555556,17.5
Alabama,Trad,5.10,54,332,6.148148148148148,3.5,255,4.722222222222222,2.5
Alabama,Trad,5.11,9,41,4.555555555555555,3.0,35,3.888888888888889,2.0
Alabama,Trad,5.12,2,4,2.0,2.0,3,1.5,1.5
Alabama,Trad,5.4,2,33,16.5,16.5,31,15.5,15.5
Alabama,Trad,5.5,7,104,14.857142857142858,11.0,89,12.714285714285714,11.0
Alabama,Trad,5.6,9,345,38.333333333333336,4.0,297,33.0,4.0
Alabama,Trad,5.7,16,198,12.375,5.0,174,10.875,5.0
Alabama,Trad,5.8,39,625,16.025641025641026,8.0,518,13.282051282051283,6.0
Alabama,Trad,5.9,43,755,17.558139534883722,8.0,614,14.279069767441861,8.0
Alaska,Bouldering,V0,19,40,2.1052631578947367,1.0,37,1.9473684210526316,1.0
Alaska,Bouldering,V1,7,9,1.2857142857142858,1.0,8,1.1428571428571428,1.0
Alaska,Bouldering,V2,9,23,2.5555555555555554,1.0,16,1.7777777777777777,1.0
Alaska,Bouldering,V3,15,38,2.533333333333333,2.0,30,2.0,2.0
Alaska,Bouldering,V4,6,11,1.8333333333333333,1.0,11,1.8333333333333333,1.0
Alaska,Bouldering,V5,12,15,1.25,1.0,15,1.25,1.0
Alaska,Bouldering,V6,6,7,1.1666666666666667,1.0,6,1.0,1.0
Alaska,Bouldering,V7,5,10,2.0,1.0,9,1.8,1.0
Alaska,Bouldering,V8,7,11,1.5714285714285714,1.0,11,1.5714285714285714,1.0
Alaska,Bouldering,V9,2,2,1.0,1.0,2,1.0,1.0
Alaska,Sport,5.10,119,506,4.2521008403361344,3.0,474,3.9831932773109244,3.0
Alaska,Sport,5.11,57,132,2.3157894736842106,2.0,123,2.1578947368421053,1.0
Alaska,Sport,5.12,20,55,2.75,2.0,42,2.1,2.0
Alaska,Sport,5.13,6,10,1.6666666666666667,2.0,8,1.3333333333333333,1.0
Alaska,Sport,5.4,1,4,4.0,4.0,4,4.0,4.0
Alaska,Sport,5.5,4,19,4.75,5.0,11,2.75,3.0
Alaska,Sport,5.6,7,22,3.142857142857143,3.0,20,2.857142857142857,3.0
Alaska,Sport,5.7,23,102,4.434782608695652,3.0,97,4.217391304347826,3.0
Alaska,Sport,5.8,46,242,5.260869565217392,2.0,208,4.521739130434782,2.0
Alaska,Sport,5.9,50,249,4.98,3.0,217,4.34,3.0
Alaska,Trad,5.10,73,259,3.547945205479452,2.0,219,3.0,2.0
Alaska,Trad,5.11,27,48,1.7777777777777777,1.0,48,1.7777777777777777,1.0
Alaska,Trad,5.12,8,12,1.5,1.0,12,1.5,1.0
Alaska,Trad,5.2,1,4,4.0,4.0,4,4.0,4.0
Alaska,Trad,5.4,5,35,7.0,6.0,31,6.2,4.0
Alaska,Trad,5.5,5,18,3.6,3.0,17,3.4,2.0
Alaska,Trad,5.6,13,50,3.8461538461538463,2.0,43,3.3076923076923075,2.0
Alaska,Trad,5.7,37,268,7.243243243243243,3.0,219,5.918918918918919,3.0
Alaska,Trad,5.8,49,152,3.1020408163265305,2.0,144,2.938775510204082,2.0
Alaska,Trad,5.9,51,172,3.372549019607843,2.0,165,3.235294117647059,2.0
Alaska,Trad,,1,1,1.0,1.0,1,1.0,1.0
Arizona,Bouldering,V-easy,19,160,8.421052631578947,2.0,135,7.105263157894737,2.0
Arizona,Bouldering,V0,174,1017,5.844827586206897,2.0,877,5.040229885057471,2.0
Arizona,Bouldering,V1,103,553,5.368932038834951,2.0,503,4.883495145631068,2.0
Arizona,Bouldering,V10,14,27,1.9285714285714286,1.0,23,1.6428571428571428,1.0
Arizona,Bouldering,V11,6,7,1.1666666666666667,1.0,6,1.0,1.0
Arizona,Bouldering,V2,118,728,6.169491525423729,2.0,683,5.788135593220339,2.0
Arizona,Bouldering,V3,100,727,7.27,2.0,686,6.86,2.0
Arizona,Bouldering,V4,96,484,5.041666666666667,2.5,467,4.864583333333333,2.5
Arizona,Bouldering,V5,65,348,5.3538461538461535,2.0,337,5.184615384615385,2.0
Arizona,Bouldering,V6,56,320,5.714285714285714,2.5,297,5.303571428571429,2.5
Arizona,Bouldering,V7,36,134,3.7222222222222223,2.0,127,3.5277777777777777,2.0
Arizona,Bouldering,V8,26,56,2.1538461538461537,1.0,53,2.0384615384615383,1.0
Arizona,Bouldering,V9,23,76,3.3043478260869565,1.0,65,2.8260869565217392,1.0
Arizona,Sport,5.10,706,13163,18.644475920679888,7.5,11694,16.56373937677054,7.0
Arizona,Sport,5.11,750,8080,10.773333333333333,4.0,7348,9.797333333333333,4.0
Arizona,Sport,5.12,422,3382,8.014218009478673,4.0,3165,7.5,3.5
Arizona,Sport,5.13,88,304,3.4545454545454546,2.0,296,3.3636363636363638,2.0
Arizona,Sport,5.14,4,4,1.0,1.0,4,1.0,1.0
Arizona,Sport,5.2,1,18,18.0,18.0,13,13.0,13.0
Arizona,Sport,5.3,4,97,24.25,12.0,68,17.0,8.5
Arizona,Sport,5.4,7,184,26.285714285714285,12.0,161,23.0,8.0
Arizona,Sport,5.5,29,665,22.93103448275862,9.0,590,20.344827586206897,7.0
Arizona,Sport,5.6,40,1163,29.075,11.0,1006,25.15,10.0
Arizona,Sport,5.7,135,4047,29.977777777777778,17.0,3590,26.59259259259259,15.0
Arizona,Sport,5.8,213,6008,28.206572769953052,13.0,5279,24.784037558685448,12.0
Arizona,Sport,5.9,324,7588,23.419753086419753,11.0,6689,20.645061728395063,10.5
Arizona,Sport,,3,24,8.0,8.0,23,7.666666666666667,8.0
Arizona,Trad,5.1,1,1,1.0,1.0,1,1.0,1.0
Arizona,Trad,5.10,559,5551,9.930232558139535,4.0,5016,8.973166368515205,4.0
Arizona,Trad,5.11,314,1850,5.89171974522293,3.0,1688,5.375796178343949,2.5
Arizona,Trad,5.12,105,364,3.466666666666667,2.0,348,3.3142857142857145,2.0
Arizona,Trad,5.13,16,31,1.9375,1.0,31,1.9375,1.0
Arizona,Trad,5.2,5,71,14.2,2.0,54,10.8,2.0
Arizona,Trad,5.3,9,101,11.222222222222221,6.0,95,10.555555555555555,6.0
Arizona,Trad,5.4,22,223,10.136363636363637,8.0,196,8.909090909090908,5.0
Arizona,Trad,5.5,40,583,14.575,4.0,489,12.225,3.0
Arizona,Trad,5.6,100,1577,15.77,5.0,1346,13.46,5.0
Arizona,Trad,5.7,205,3384,16.507317073170732,5.0,2965,14.463414634146341,5.0
Arizona,Trad,5.8,256,4081,15.94140625,5.0,3619,14.13671875,5.0
Arizona,Trad,5.9,316,4862,15.386075949367088,4.0,4306,13.626582278481013,4.0
Arizona,Trad,,10,63,6.3,5.0,61,6.1,5.0
Arkansas,Bouldering,V-easy,3,9,3.0,3.0,9,3.0,3.0
Arkansas,Bouldering,V0,20,178,8.9,6.0,166,8.3,6.0
Arkansas,Bouldering,V1,27,192,7.111111111111111,2.0,179,6.62962962962963,2.0
Arkansas,Bouldering,V10,6,21,3.5,4.0,20,3.3333333333333335,3.5
Arkansas,Bouldering,V2,26,268,10.307692307692308,4.0,250,9.615384615384615,4.0
Arkansas,Bouldering,V3,33,406,12.303030303030303,3.0,393,11.909090909090908,3.0
Arkansas,Bouldering,V4,41,411,10.024390243902438,2.0,390,9.512195121951219,2.0
Arkansas,Bouldering,V5,36,290,8.055555555555555,2.5,282,7.833333333333333,2.5
Arkansas,Bouldering,V6,24,151,6.291666666666667,2.0,147,6.125,2.0
Arkansas,Bouldering,V7,16,141,8.8125,5.5,134,8.375,5.5
Arkansas,Bouldering,V8,5,39,7.8,4.0,35,7.0,3.0
Arkansas,Bouldering,V9,6,24,4.0,3.0,24,4.0,3.0
Arkansas,Sport,5.10,229,4628,20.209606986899562,8.0,4241,18.519650655021834,7.0
Arkansas,Sport,5.11,136,2239,16.46323529411765,5.5,2085,15.330882352941176,5.5
Arkansas,Sport,5.12,104,931,8.951923076923077,4.0,874,8.403846153846153,3.5
Arkansas,Sport,5.13,15,24,1.6,1.0,24,1.6,1.0
Arkansas,Sport,5.14,1,1,1.0,1.0,1,1.0,1.0
Arkansas,Sport,5.4,2,10,5.0,5.0,9,4.5,4.5
Arkansas,Sport,5.5,5,156,31.2,29.0,133,26.6,26.0
Arkansas,Sport,5.6,21,1339,63.76190476190476,26.0,1183,56.333333333333336,23.0
Arkansas,Sport,5.7,51,2278,44.666666666666664,29.0,1980,38.8235294117647,24.0
Arkansas,Sport,5.8,96,4272,44.5,18.0,3875,40.364583333333336,16.0
Arkansas,Sport,5.9,102,3098,30.372549019607842,13.5,2850,27.941176470588236,13.5
Arkansas,Trad,5.10,62,442,7.129032258064516,4.0,412,6.645161290322581,3.0
Arkansas,Trad,5.11,22,109,4.954545454545454,3.0,106,4.818181818181818,3.0
Arkansas,Trad,5.12,12,20,1.6666666666666667,1.5,19,1.5833333333333333,1.0
Arkansas,Trad,5.13,1,2,2.0,2.0,2,2.0,2.0
Arkansas,Trad,5.2,1,36,36.0,36.0,28,28.0,28.0
Arkansas,Trad,5.4,5,67,13.4,6.0,58,11.6,6.0
Arkansas,Trad,5.5,6,122,20.333333333333332,13.5,102,17.0,11.0
Arkansas,Trad,5.6,21,184,8.761904761904763,6.0,158,7.523809523809524,5.0
Arkansas,Trad,5.7,69,1206,17.47826086956522,6.0,1071,15.521739130434783,6.0
Arkansas,Trad,5.8,66,554,8.393939393939394,4.0,486,7.363636363636363,3.0
Arkansas,Trad,5.9,58,710,12.241379310344827,5.0,639,11.017241379310345,4.0
California,Bouldering,V-easy,634,4986,7.864353312302839,3.0,4615,7.279179810725552,2.0
California,Bouldering,V0,1416,14334,10.122881355932204,3.0,13335,9.417372881355933,3.0
California,Bouldering,V1,900,9981,11.09,3.0,9200,10.222222222222221,3.0
California,Bouldering,V10,46,174,3.782608695652174,2.0,157,3.4130434782608696,2.0
California,Bouldering,V11,12,22,1.8333333333333333,1.0,21,1.75,1.0
California,Bouldering,V12,5,7,1.4,1.0,7,1.4,1.0
California,Bouldering,V14,1,1,1.0,1.0,1,1.0,1.0
California,Bouldering,V2,820,8024,9.785365853658536,3.0,7455,9.091463414634147,3.0
California,Bouldering,V3,689,7484,10.86211901306241,3.0,7009,10.172714078374456,3.0
California,Bouldering,V4,502,6220,12.390438247011952,3.0,5821,11.595617529880478,3.0
California,Bouldering,V5,367,3949,10.760217983651225,3.0,3788,10.321525885558582,3.0
California,Bouldering,V6,273,2769,10.142857142857142,3.0,2663,9.754578754578755,2.0
California,Bouldering,V7,188,1390,7.3936170212765955,3.0,1335,7.101063829787234,3.0
California,Bouldering,V8,120,714,5.95,3.0,690,5.75,3.0
California,Bouldering,V9,72,299,4.152777777777778,2.0,284,3.9444444444444446,2.0
California,Bouldering,,3,22,7.333333333333333,4.0,22,7.333333333333333,4.0
California,Sport,5.1,1,48,48.0,48.0,44,44.0,44.0
California,Sport,5.10,2037,45846,22.506627393225333,8.0,40881,20.06921944035346,7.0
California,Sport,5.11,1275,15519,12.171764705882353,4.0,13763,10.794509803921569,4.0
California,Sport,5.12,552,3569,6.465579710144928,2.0,3126,5.663043478260869,2.0
California,Sport,5.13,94,297,3.1595744680851063,2.0,282,3.0,2.0
California,Sport,5.14,2,3,1.5,1.5,3,1.5,1.5
California,Sport,5.2,9,105,11.666666666666666,7.0,90,10.0,7.0
California,Sport,5.3,8,202,25.25,14.0,179,22.375,13.0
California,Sport,5.4,19,359,18.894736842105264,6.0,319,16.789473684210527,6.0
California,Sport,5.5,46,1070,23.26086956521739,8.0,950,20.652173913043477,7.0
California,Sport,5.6,132,4969,37.64393939393939,11.5,4408,33.39393939393939,11.5
California,Sport,5.7,332,12817,38.605421686746986,12.0,11362,34.22289156626506,11.0
California,Sport,5.8,504,16383,32.50595238095238,12.0,14593,28.95436507936508,11.0
California,Sport,5.9,670,19335,28.85820895522388,10.0,17360,25.91044776119403,9.5
California,Sport,,4,103,25.75,14.5,84,21.0,13.5
California,Trad,5.0,1,1,1.0,1.0,1,1.0,1.0
California,Trad,5.1,8,201,25.125,14.5,175,21.875,14.5
California,Trad,5.10,2070,43364,20.948792270531403,4.0,38940,18.81159420289855,4.0
California,Trad,5.11,704,9156,13.005681818181818,3.0,8026,11.400568181818182,3.0
California,Trad,5.12,156,846,5.423076923076923,2.0,725,4.647435897435898,2.0
California,Trad,5.13,18,59,3.2777777777777777,2.5,53,2.9444444444444446,2.0
California,Trad,5.14,1,7,7.0,7.0,7,7.0,7.0
California,Trad,5.2,44,852,19.363636363636363,7.5,782,17.772727272727273,7.0
California,Trad,5.3,59,2129,36.08474576271186,6.0,1861,31.54237288135593,5.0
California,Trad,5.4,136,5662,41.63235294117647,8.5,4907,36.080882352941174,8.0
California,Trad,5.5,152,5062,33.30263157894737,6.0,4413,29.032894736842106,6.0
California,Trad,5.6,408,19182,47.01470588235294,7.0,16892,41.40196078431372,7.0
California,Trad,5.7,781,35108,44.95262483994878,7.0,31251,40.014084507042256,6.0
California,Trad,5.8,1021,34674,33.960822722820765,6.0,31083,30.443682664054847,6.0
California,Trad,5.9,1083,32132,29.669436749769158,5.0,28974,26.753462603878116,5.0
California,Trad,,112,1176,10.5,3.0,1130,10.089285714285714,3.0
Colorado,Bouldering,V-easy,67,426,6.358208955223881,4.0,391,5.835820895522388,3.0
Colorado,Bouldering,V0,497,4132,8.313883299798793,3.0,3761,7.5674044265593565,3.0
Colorado,Bouldering,V1,542,4978,9.18450184501845,3.0,4517,8.333948339483396,3.0
Colorado,Bouldering,V10,44,105,2.3863636363636362,2.0,104,2.3636363636363638,2.0
Colorado,Bouldering,V11,15,27,1.8,1.0,27,1.8,1.0
Colorado,Bouldering,V12,5,19,3.8,1.0,19,3.8,1.0
Colorado,Bouldering,V14,1,2,2.0,2.0,2,2.0,2.0
Colorado,Bouldering,V2,529,3678,6.952741020793951,2.0,3406,6.438563327032136,2.0
Colorado,Bouldering,V3,511,3323,6.50293542074364,2.0,3097,6.060665362035225,2.0
Colorado,Bouldering,V4,401,2950,7.356608478802992,2.0,2741,6.835411471321696,2.0
Colorado,Bouldering,V5,298,2674,8.973154362416107,3.0,2507,8.412751677852349,3.0
Colorado,Bouldering,V6,196,1378,7.030612244897959,2.5,1319,6.729591836734694,2.0
Colorado,Bouldering,V7,156,924,5.923076923076923,2.5,869,5.57051282051282,2.0
Colorado,Bouldering,V8,117,677,5.786324786324786,2.0,628,5.367521367521367,2.0
Colorado,Bouldering,V9,76,269,3.539473684210526,2.0,255,3.3552631578947367,2.0
Colorado,Bouldering,,6,25,4.166666666666667,2.5,22,3.6666666666666665,2.5
Colorado,Sport,5.10,1782,69162,38.81144781144781,12.0,60995,34.22839506172839,11.0
Colorado,Sport,5.11,1691,39298,23.239503252513305,7.0,34821,20.591957421643997,6.0
Colorado,Sport,5.12,1183,18424,15.57396449704142,4.0,16417,13.877430262045646,4.0
Colorado,Sport,5.13,336,2174,6.470238095238095,3.0,1981,5.895833333333333,3.0
Colorado,Sport,5.14,33,69,2.090909090909091,1.0,68,2.0606060606060606,1.0
Colorado,Sport,5.2,3,153,51.0,37.0,147,49.0,35.0
Colorado,Sport,5.3,6,132,22.0,21.5,118,19.666666666666668,19.0
Colorado,Sport,5.4,21,723,34.42857142857143,14.0,584,27.80952380952381,12.0
Colorado,Sport,5.5,38,2118,55.73684210526316,17.5,1788,47.05263157894737,15.0
Colorado,Sport,5.6,104,3965,38.125,12.0,3377,32.47115384615385,10.5
Colorado,Sport,5.7,237,14130,59.620253164556964,21.0,12084,50.9873417721519,19.0
Colorado,Sport,5.8,444,28217,63.5518018018018,20.0,24171,54.439189189189186,18.5
Colorado,Sport,5.9,735,42021,57.17142857142857,19.0,36619,49.821768707482995,17.0
Colorado,Sport,,1,1,1.0,1.0,1,1.0,1.0
Colorado,Trad,5.0,1,3,3.0,3.0,3,3.0,3.0
Colorado,Trad,5.1,2,16,8.0,8.0,15,7.5,7.5
Colorado,Trad,5.10,1353,26170,19.34220251293422,3.0,22401,16.556541019955652,3.0
Colorado,Trad,5.11,755,10494,13.89933774834437,3.0,8673,11.487417218543046,3.0
Colorado,Trad,5.12,233,1913,8.21030042918455,2.0,1699,7.291845493562231,2.0
Colorado,Trad,5.13,34,91,2.676470588235294,1.0,78,2.2941176470588234,1.0
Colorado,Trad,5.14,3,14,4.666666666666667,1.0,10,3.3333333333333335,1.0
Colorado,Trad,5.2,49,1438,29.346938775510203,10.0,1041,21.244897959183675,9.0
Colorado,Trad,5.3,47,1525,32.4468085106383,7.0,1123,23.893617021276597,7.0
Colorado,Trad,5.4,114,4743,41.60526315789474,4.0,3437,30.149122807017545,4.0
Colorado,Trad,5.5,164,5120,31.21951219512195,7.0,4219,25.725609756097562,6.0
Colorado,Trad,5.6,315,13262,42.1015873015873,6.0,10724,34.044444444444444,6.0
Colorado,Trad,5.7,607,24232,39.92092257001647,6.0,19893,32.77265238879736,5.0
Colorado,Trad,5.8,850,23993,28.22705882352941,5.0,20804,24.47529411764706,4.5
Colorado,Trad,5.9,1009,23037,22.83151635282458,4.0,19809,19.63230921704658,4.0
Colorado,Trad,,124,3817,30.782258064516128,6.5,2445,19.717741935483872,5.5
Connecticut,Bouldering,V-easy,14,23,1.6428571428571428,1.0,20,1.4285714285714286,1.0
Connecticut,Bouldering,V0,48,70,1.4583333333333333,1.0,69,1.4375,1.0
Connecticut,Bouldering,V1,39,80,2.051282051282051,1.0,78,2.0,1.0
Connecticut,Bouldering,V2,32,57,1.78125,1.0,57,1.78125,1.0
Connecticut,Bouldering,V3,45,95,2.111111111111111,1.0,85,1.8888888888888888,1.0
Connecticut,Bouldering,V4,23,28,1.2173913043478262,1.0,27,1.173913043478261,1.0
Connecticut,Bouldering,V5,18,48,2.6666666666666665,2.0,44,2.4444444444444446,2.0
Connecticut,Bouldering,V6,11,18,1.6363636363636365,2.0,17,1.5454545454545454,1.0
Connecticut,Bouldering,V7,4,13,3.25,1.5,10,2.5,1.0
Connecticut,Bouldering,V8,4,4,1.0,1.0,4,1.0,1.0
Connecticut,Bouldering,V9,1,1,1.0,1.0,1,1.0,1.0
Connecticut,Sport,5.10,9,104,11.555555555555555,10.0,71,7.888888888888889,6.0
Connecticut,Sport,5.11,12,106,8.833333333333334,3.0,76,6.333333333333333,3.0
Connecticut,Sport,5.12,11,31,2.8181818181818183,1.0,31,2.8181818181818183,1.0
Connecticut,Sport,5.13,2,2,1.0,1.0,2,1.0,1.0
Connecticut,Sport,5.7,1,6,6.0,6.0,6,6.0,6.0
Connecticut,Sport,5.8,2,12,6.0,6.0,9,4.5,4.5
Connecticut,Sport,5.9,9,210,23.333333333333332,25.0,165,18.333333333333332,20.0
Connecticut,Trad,5.1,1,15,15.0,15.0,12,12.0,12.0
Connecticut,Trad,5.10,37,308,8.324324324324325,3.0,222,6.0,3.0
Connecticut,Trad,5.11,13,131,10.076923076923077,2.0,95,7.3076923076923075,2.0
Connecticut,Trad,5.12,4,19,4.75,3.5,17,4.25,3.0
Connecticut,Trad,5.2,2,11,5.5,5.5,11,5.5,5.5
Connecticut,Trad,5.3,7,192,27.428571428571427,10.0,155,22.142857142857142,8.0
Connecticut,Trad,5.4,22,384,17.454545454545453,5.5,290,13.181818181818182,5.0
Connecticut,Trad,5.5,35,505,14.428571428571429,6.0,410,11.714285714285714,4.0
Connecticut,Trad,5.6,40,568,14.2,4.0,419,10.475,3.0
Connecticut,Trad,5.7,58,721,12.431034482758621,6.0,593,10.224137931034482,6.0
Connecticut,Trad,5.8,60,1032,17.2,6.0,813,13.55,5.0
Connecticut,Trad,5.9,66,732,11.090909090909092,5.0,570,8.636363636363637,4.0
Connecticut,Trad,,6,13,2.1666666666666665,2.0,13,2.1666666666666665,2.0
Delaware,Bouldering,V0,1,1,1.0,1.0,1,1.0,1.0
Delaware,Trad,5.2,1,4,4.0,4.0,4,4.0,4.0
Florida,Bouldering,V0,1,3,3.0,3.0,3,3.0,3.0
Florida,Bouldering,V1,1,4,4.0,4.0,4,4.0,4.0
Florida,Bouldering,V2,1,3,3.0,3.0,3,3.0,3.0
Florida,Bouldering,V3,1,1,1.0,1.0,1,1.0,1.0
Georgia,Bouldering,V-easy,11,95,8.636363636363637,4.0,93,8.454545454545455,4.0
Georgia,Bouldering,V0,53,529,9.981132075471699,3.0,496,9.358490566037736,3.0
Georgia,Bouldering,V1,63,577,9.158730158730158,3.0,541,8.587301587301587,3.0
Georgia,Bouldering,V10,2,2,1.0,1.0,2,1.0,1.0
Georgia,Bouldering,V2,73,698,9.561643835616438,4.0,653,8.945205479452055,4.0
Georgia,Bouldering,V3,64,1207,18.859375,4.5,1131,17.671875,4.0
Georgia,Bouldering,V4,58,520,8.96551724137931,4.0,468,8.068965517241379,3.0
Georgia,Bouldering,V5,51,629,12.333333333333334,4.0,580,11.372549019607844,4.0
Georgia,Bouldering,V6,26,315,12.115384615384615,3.5,311,11.961538461538462,3.0
Georgia,Bouldering,V7,13,105,8.076923076923077,2.0,101,7.769230769230769,2.0
Georgia,Bouldering,V8,13,45,3.4615384615384617,1.0,45,3.4615384615384617,1.0
Georgia,Bouldering,V9,3,6,2.0,1.0,6,2.0,1.0
Georgia,Sport,5.10,11,229,20.818181818181817,19.0,204,18.545454545454547,18.0
Georgia,Sport,5.11,12,74,6.166666666666667,4.5,65,5.416666666666667,4.0
Georgia,Sport,5.12,3,17,5.666666666666667,7.0,16,5.333333333333333,7.0
Georgia,Sport,5.2,1,16,16.0,16.0,16,16.0,16.0
Georgia,Sport,5.4,1,12,12.0,12.0,11,11.0,11.0
Georgia,Sport,5.5,4,61,15.25,15.5,58,14.5,14.5
Georgia,Sport,5.6,1,42,42.0,42.0,38,38.0,38.0
Georgia,Sport,5.9,4,53,13.25,11.0,43,10.75,10.0
Georgia,Trad,5.10,30,215,7.166666666666667,5.0,189,6.3,5.0
Georgia,Trad,5.11,13,51,3.923076923076923,3.0,47,3.6153846153846154,2.0
Georgia,Trad,5.12,1,2,2.0,2.0,2,2.0,2.0
Georgia,Trad,5.4,4,32,8.0,4.0,30,7.5,3.5
Georgia,Trad,5.5,5,85,17.0,19.0,71,14.2,16.0
Georgia,Trad,5.6,16,403,25.1875,15.0,364,22.75,14.0
Georgia,Trad,5.7,11,158,14.363636363636363,15.0,141,12.818181818181818,14.0
Georgia,Trad,5.8,18,484,26.88888888888889,20.0,414,23.0,18.5
Georgia,Trad,5.9,22,291,13.227272727272727,7.0,252,11.454545454545455,6.5
Hawaii,Bouldering,V-easy,4,10,2.5,2.0,8,2.0,1.5
Hawaii,Bouldering,V0,22,149,6.7727272727272725,3.0,149,6.7727272727272725,3.0
Hawaii,Bouldering,V1,22,52,2.3636363636363638,2.0,52,2.3636363636363638,2.0
Hawaii,Bouldering,V2,20,111,5.55,2.5,110,5.5,2.5
Hawaii,Bouldering,V3,10,15,1.5,1.0,15,1.5,1.0
Hawaii,Bouldering,V4,9,28,3.111111111111111,2.0,27,3.0,2.0
Hawaii,Bouldering,V5,5,18,3.6,2.0,18,3.6,2.0
Hawaii,Bouldering,V6,1,2,2.0,2.0,2,2.0,2.0
Hawaii,Bouldering,V8,1,1,1.0,1.0,1,1.0,1.0
Hawaii,Sport,5.10,14,330,23.571428571428573,19.5,282,20.142857142857142,18.0
Hawaii,Sport,5.11,14,97,6.928571428571429,4.5,89,6.357142857142857,4.5
Hawaii,Sport,5.12,10,58,5.8,5.5,56,5.6,5.5
Hawaii,Sport,5.13,2,2,1.0,1.0,2,1.0,1.0
Hawaii,Sport,5.3,1,1,1.0,1.0,1,1.0,1.0
Hawaii,Sport,5.6,2,28,14.0,14.0,27,13.5,13.5
Hawaii,Sport,5.7,1,38,38.0,38.0,26,26.0,26.0
Hawaii,Sport,5.8,5,181,36.2,25.0,145,29.0,19.0
Hawaii,Sport,5.9,4,181,45.25,43.5,152,38.0,37.0
Hawaii,Trad,5.10,7,48,6.857142857142857,5.0,45,6.428571428571429,5.0
Hawaii,Trad,5.11,1,6,6.0,6.0,6,6.0,6.0
Hawaii,Trad,5.6,3,55,18.333333333333332,15.0,51,17.0,15.0
Hawaii,Trad,5.8,3,57,19.0,28.0,38,12.666666666666666,18.0
Hawaii,Trad,5.9,1,1,1.0,1.0,1,1.0,1.0
Idaho,Bouldering,V-easy,13,45,3.4615384615384617,3.0,41,3.1538461538461537,3.0
Idaho,Bouldering,V0,71,202,2.8450704225352115,2.0,189,2.6619718309859155,2.0
Idaho,Bouldering,V1,74,194,2.6216216216216215,2.0,190,2.5675675675675675,2.0
Idaho,Bouldering,V2,103,236,2.29126213592233,2.0,232,2.2524271844660193,2.0
Idaho,Bouldering,V3,63,144,2.2857142857142856,2.0,143,2.2698412698412698,2.0
Idaho,Bouldering,V4,42,99,2.357142857142857,2.0,98,2.3333333333333335,2.0
Idaho,Bouldering,V5,39,65,1.6666666666666667,1.0,64,1.641025641025641,1.0
Idaho,Bouldering,V6,28,56,2.0,2.0,54,1.9285714285714286,2.0
Idaho,Bouldering,V7,21,50,2.380952380952381,2.0,48,2.2857142857142856,2.0
Idaho,Bouldering,V8,5,7,1.4,1.0,7,1.4,1.0
Idaho,Bouldering,V9,4,6,1.5,1.5,6,1.5,1.5
Idaho,Sport,5.10,378,5081,13.441798941798941,5.0,4640,12.275132275132275,4.0
Idaho,Sport,5.11,225,1920,8.533333333333333,3.0,1801,8.004444444444445,3.0
Idaho,Sport,5.12,149,873,5.859060402684563,2.0,833,5.590604026845638,2.0
Idaho,Sport,5.13,33,107,3.242424242424242,2.0,103,3.121212121212121,2.0
Idaho,Sport,5.4,1,25,25.0,25.0,24,24.0,24.0
Idaho,Sport,5.5,2,48,24.0,24.0,44,22.0,22.0
Idaho,Sport,5.6,14,639,45.642857142857146,12.5,591,42.214285714285715,12.0
Idaho,Sport,5.7,49,1609,32.83673469387755,19.0,1405,28.6734693877551,17.0
Idaho,Sport,5.8,76,2757,36.276315789473685,10.0,2426,31.92105263157895,9.0
Idaho,Sport,5.9,128,2473,19.3203125,9.0,2243,17.5234375,8.5
Idaho,Trad,5.10,167,2715,16.25748502994012,5.0,2551,15.275449101796408,5.0
Idaho,Trad,5.11,68,863,12.691176470588236,3.0,811,11.926470588235293,3.0
Idaho,Trad,5.12,11,41,3.727272727272727,1.0,40,3.6363636363636362,1.0
Idaho,Trad,5.13,2,3,1.5,1.5,3,1.5,1.5
Idaho,Trad,5.3,3,4,1.3333333333333333,1.0,4,1.3333333333333333,1.0
Idaho,Trad,5.4,7,69,9.857142857142858,8.0,56,8.0,6.0
Idaho,Trad,5.5,13,341,26.23076923076923,6.0,299,23.0,6.0
Idaho,Trad,5.6,32,752,23.5,6.5,697,21.78125,6.5
Idaho,Trad,5.7,78,3197,40.98717948717949,10.5,2825,36.217948717948715,8.5
Idaho,Trad,5.8,107,3086,28.8411214953271,7.0,2795,26.121495327102803,6.0
Idaho,Trad,5.9,101,1408,13.94059405940594,3.0,1303,12.900990099009901,3.0
Idaho,Trad,,4,4,1.0,1.0,4,1.0,1.0
Illinois,Bouldering,V-easy,2,2,1.0,1.0,2,1.0,1.0
Illinois,Bouldering,V0,15,198,13.2,2.0,177,11.8,2.0
Illinois,Bouldering,V1,25,190,7.6,3.0,179,7.16,3.0
Illinois,Bouldering,V10,2,2,1.0,1.0,2,1.0,1.0
Illinois,Bouldering,V11,2,2,1.0,1.0,2,1.0,1.0
Illinois,Bouldering,V2,28,465,16.607142857142858,5.0,439,15.678571428571429,4.5
Illinois,Bouldering,V3,34,260,7.647058823529412,2.5,248,7.294117647058823,2.5
Illinois,Bouldering,V4,31,309,9.96774193548387,4.0,299,9.64516129032258,4.0
Illinois,Bouldering,V5,31,239,7.709677419354839,2.0,222,7.161290322580645,2.0
Illinois,Bouldering,V6,29,155,5.344827586206897,2.0,148,5.103448275862069,2.0
Illinois,Bouldering,V7,14,51,3.642857142857143,2.0,48,3.4285714285714284,2.0
Illinois,Bouldering,V8,11,31,2.8181818181818183,2.0,30,2.727272727272727,2.0
Illinois,Bouldering,V9,5,9,1.8,2.0,9,1.8,2.0
Illinois,Sport,5.10,106,2357,22.235849056603772,9.0,2149,20.27358490566038,9.0
Illinois,Sport,5.11,72,732,10.166666666666666,5.0,675,9.375,5.0
Illinois,Sport,5.12,93,647,6.956989247311828,2.0,622,6.688172043010753,2.0
Illinois,Sport,5.13,15,37,2.466666666666667,2.0,37,2.466666666666667,2.0
Illinois,Sport,5.14,1,1,1.0,1.0,1,1.0,1.0
Illinois,Sport,5.2,1,17,17.0,17.0,16,16.0,16.0
Illinois,Sport,5.3,3,27,9.0,6.0,26,8.666666666666666,5.0
Illinois,Sport,5.4,4,46,11.5,10.0,44,11.0,9.5
Illinois,Sport,5.5,2,31,15.5,15.5,28,14.0,14.0
Illinois,Sport,5.6,14,526,37.57142857142857,23.5,477,34.07142857142857,22.5
Illinois,Sport,5.7,14,378,27.0,13.5,330,23.571428571428573,13.0
Illinois,Sport,5.8,22,1262,57.36363636363637,38.0,1104,50.18181818181818,36.0
Illinois,Sport,5.9,29,1063,36.6551724137931,23.0,959,33.06896551724138,22.0
Illinois,Sport,,2,13,6.5,6.5,13,6.5,6.5
Illinois,Trad,5.10,24,156,6.5,2.5,142,5.916666666666667,2.0
Illinois,Trad,5.11,7,47,6.714285714285714,3.0,45,6.428571428571429,2.0
Illinois,Trad,5.12,2,48,24.0,24.0,43,21.5,21.5
Illinois,Trad,5.3,2,23,11.5,11.5,20,10.0,10.0
Illinois,Trad,5.4,5,60,12.0,9.0,57,11.4,9.0
Illinois,Trad,5.5,6,49,8.166666666666666,7.5,44,7.333333333333333,7.0
Illinois,Trad,5.6,8,58,7.25,6.5,53,6.625,6.5
Illinois,Trad,5.7,26,303,11.653846153846153,7.0,276,10.615384615384615,6.5
Illinois,Trad,5.8,24,215,8.958333333333334,4.5,189,7.875,4.0
Illinois,Trad,5.9,25,115,4.6,3.0,111,4.44,3.0
Indiana,Bouldering,V-easy,4,33,8.25,2.5,18,4.5,2.5
Indiana,Bouldering,V0,2,9,4.5,4.5,2,1.0,1.0
Indiana,Bouldering,V1,1,18,18.0,18.0,13,13.0,13.0
Indiana,Bouldering,V10,1,1,1.0,1.0,1,1.0,1.0
Indiana,Bouldering,V11,2,2,1.0,1.0,2,1.0,1.0
Indiana,Bouldering,V2,8,33,4.125,1.5,25,3.125,1.0
Indiana,Bouldering,V3,12,53,4.416666666666667,2.0,40,3.3333333333333335,2.0
Indiana,Bouldering,V4,9,17,1.8888888888888888,1.0,17,1.8888888888888888,1.0
Indiana,Bouldering,V5,3,6,2.0,2.0,5,1.6666666666666667,1.0
Indiana,Bouldering,V6,3,15,5.0,5.0,14,4.666666666666667,4.0
Indiana,Bouldering,V7,2,2,1.0,1.0,2,1.0,1.0
Indiana,Bouldering,V8,2,6,3.0,3.0,5,2.5,2.5
Indiana,Sport,5.9,1,2,2.0,2.0,2,2.0,2.0
Iowa,Bouldering,V-easy,2,3,1.5,1.5,3,1.5,1.5
Iowa,Bouldering,V0,15,20,1.3333333333333333,1.0,20,1.3333333333333333,1.0
Iowa,Bouldering,V1,13,20,1.5384615384615385,1.0,20,1.5384615384615385,1.0
Iowa,Bouldering,V2,7,15,2.142857142857143,2.0,15,2.142857142857143,2.0
Iowa,Bouldering,V3,7,11,1.5714285714285714,1.0,11,1.5714285714285714,1.0
Iowa,Bouldering,V4,3,5,1.6666666666666667,1.0,4,1.3333333333333333,1.0
Iowa,Bouldering,V5,1,2,2.0,2.0,2,2.0,2.0
Iowa,Sport,5.10,23,345,15.0,8.0,321,13.956521739130435,8.0
Iowa,Sport,5.11,34,224,6.588235294117647,3.5,203,5.970588235294118,3.5
Iowa,Sport,5.12,9,37,4.111111111111111,3.0,35,3.888888888888889,3.0
Iowa,Sport,5.6,1,61,61.0,61.0,50,50.0,50.0
Iowa,Sport,5.7,4,147,36.75,10.5,117,29.25,9.5
Iowa,Sport,5.8,7,283,40.42857142857143,51.0,243,34.714285714285715,45.0
Iowa,Sport,5.9,7,198,28.285714285714285,24.0,179,25.571428571428573,20.0
Iowa,Trad,5.10,3,10,3.3333333333333335,4.0,10,3.3333333333333335,4.0
Iowa,Trad,5.11,1,1,1.0,1.0,1,1.0,1.0
Iowa,Trad,5.6,5,80,16.0,10.0,64,12.8,8.0
Iowa,Trad,5.7,5,17,3.4,2.0,15,3.0,2.0
Iowa,Trad,5.8,2,13,6.5,6.5,12,6.0,6.0
Kansas,Bouldering,V-easy,5,14,2.8,3.0,13,2.6,3.0
Kansas,Bouldering,V0,2,15,7.5,7.5,15,7.5,7.5
Kansas,Bouldering,V1,4,23,5.75,5.0,23,5.75,5.0
Kansas,Bouldering,V2,10,19,1.9,1.0,19,1.9,1.0
Kansas,Bouldering,V3,4,7,1.75,1.0,7,1.75,1.0
Kansas,Bouldering,V4,2,5,2.5,2.5,5,2.5,2.5
Kansas,Bouldering,V5,2,2,1.0,1.0,2,1.0,1.0
Kansas,Sport,5.8,1,5,5.0,5.0,5,5.0,5.0
Kansas,Trad,5.7,1,1,1.0,1.0,1,1.0,1.0
Kansas,Trad,5.8,2,2,1.0,1.0,2,1.0,1.0
Kentucky,Bouldering,V0,15,27,1.8,2.0,27,1.8,2.0
Kentucky,Bouldering,V1,9,12,1.3333333333333333,1.0,12,1.3333333333333333,1.0
Kentucky,Bouldering,V2,5,13,2.6,1.0,13,2.6,1.0
Kentucky,Bouldering,V3,5,15,3.0,3.0,15,3.0,3.0
Kentucky,Bouldering,V4,3,5,1.6666666666666667,2.0,5,1.6666666666666667,2.0
Kentucky,Bouldering,V5,1,4,4.0,4.0,4,4.0,4.0
Kentucky,Bouldering,V6,1,4,4.0,4.0,4,4.0,4.0
Kentucky,Bouldering,V8,1,1,1.0,1.0,1,1.0,1.0
Kentucky,Sport,5.10,303,29347,96.85478547854785,37.0,27390,90.39603960396039,36.0
Kentucky,Sport,5.11,370,14009,37.862162162162164,12.0,13069,35.321621621621624,12.0
Kentucky,Sport,5.12,274,6444,23.51824817518248,7.0,5689,20.76277372262774,7.0
Kentucky,Sport,5.13,58,400,6.896551724137931,3.0,354,6.103448275862069,3.0
Kentucky,Sport,5.14,3,9,3.0,3.0,9,3.0,3.0
Kentucky,Sport,5.2,1,5,5.0,5.0,5,5.0,5.0
Kentucky,Sport,5.3,1,17,17.0,17.0,16,16.0,16.0
Kentucky,Sport,5.4,7,283,40.42857142857143,13.0,255,36.42857142857143,12.0
Kentucky,Sport,5.5,5,475,95.0,93.0,436,87.2,86.0
Kentucky,Sport,5.6,11,1638,148.9090909090909,104.0,1460,132.72727272727272,93.0
Kentucky,Sport,5.7,27,5068,187.7037037037037,99.0,4645,172.03703703703704,94.0
Kentucky,Sport,5.8,56,8561,152.875,93.5,7879,140.69642857142858,89.0
Kentucky,Sport,5.9,79,11523,145.86075949367088,81.0,10776,136.40506329113924,77.0
Kentucky,Trad,5.1,3,68,22.666666666666668,7.0,62,20.666666666666668,6.0
Kentucky,Trad,5.10,88,1372,15.590909090909092,3.5,1282,14.568181818181818,3.0
Kentucky,Trad,5.11,31,260,8.387096774193548,2.0,241,7.774193548387097,2.0
Kentucky,Trad,5.12,9,23,2.5555555555555554,2.0,19,2.111111111111111,2.0
Kentucky,Trad,5.2,4,30,7.5,3.0,30,7.5,3.0
Kentucky,Trad,5.3,7,386,55.142857142857146,3.0,331,47.285714285714285,3.0
Kentucky,Trad,5.4,8,157,19.625,8.0,149,18.625,8.0
Kentucky,Trad,5.5,15,675,45.0,26.0,595,39.666666666666664,25.0
Kentucky,Trad,5.6,42,1651,39.30952380952381,7.0,1439,34.26190476190476,7.0
Kentucky,Trad,5.7,65,3309,50.90769230769231,16.0,3005,46.23076923076923,16.0
Kentucky,Trad,5.8,87,2519,28.95402298850575,8.0,2344,26.942528735632184,8.0
Kentucky,Trad,5.9,76,1972,25.94736842105263,7.5,1789,23.539473684210527,7.0
Kentucky,Trad,,1,13,13.0,13.0,13,13.0,13.0
Maine,Bouldering,V-easy,6,10,1.6666666666666667,1.0,10,1.6666666666666667,1.0
Maine,Bouldering,V0,16,40,2.5,2.5,40,2.5,2.5
Maine,Bouldering,V1,17,46,2.7058823529411766,2.0,44,2.588235294117647,2.0
Maine,Bouldering,V2,10,32,3.2,2.0,24,2.4,2.0
Maine,Bouldering,V3,18,39,2.1666666666666665,2.0,35,1.9444444444444444,2.0
Maine,Bouldering,V4,8,20,2.5,2.0,19,2.375,2.0
Maine,Bouldering,V5,10,19,1.9,1.0,18,1.8,1.0
Maine,Bouldering,V6,8,19,2.375,1.0,15,1.875,1.0
Maine,Bouldering,V7,3,4,1.3333333333333333,1.0,4,1.3333333333333333,1.0
Maine,Bouldering,V8,3,3,1.0,1.0,3,1.0,1.0
Maine,Sport,5.10,35,409,11.685714285714285,7.0,373,10.657142857142857,6.0
Maine,Sport,5.11,35,155,4.428571428571429,2.0,142,4.057142857142857,2.0
Maine,Sport,5.12,33,378,11.454545454545455,4.0,365,11.06060606060606,4.0
Maine,Sport,5.13,8,18,2.25,1.5,18,2.25,1.5
Maine,Sport,5.2,1,2,2.0,2.0,2,2.0,2.0
Maine,Sport,5.7,4,29,7.25,3.0,28,7.0,3.0
Maine,Sport,5.8,7,97,13.857142857142858,11.0,90,12.857142857142858,11.0
Maine,Sport,5.9,13,193,14.846153846153847,8.0,178,13.692307692307692,8.0
Maine,Trad,5.10,41,719,17.536585365853657,3.0,629,15.341463414634147,3.0
Maine,Trad,5.11,20,241,12.05,3.5,189,9.45,3.0
Maine,Trad,5.12,2,20,10.0,10.0,11,5.5,5.5
Maine,Trad,5.3,2,16,8.0,8.0,14,7.0,7.0
Maine,Trad,5.4,12,173,14.416666666666666,9.5,137,11.416666666666666,8.5
Maine,Trad,5.5,21,627,29.857142857142858,9.0,568,27.047619047619047,7.0
Maine,Trad,5.6,18,722,40.111111111111114,13.5,618,34.333333333333336,12.5
Maine,Trad,5.7,43,1118,26.0,6.0,967,22.488372093023255,6.0
Maine,Trad,5.8,27,615,22.77777777777778,5.0,562,20.814814814814813,5.0
Maine,Trad,5.9,34,654,19.235294117647058,3.0,585,17.205882352941178,3.0
Maine,Trad,,6,20,3.3333333333333335,2.0,18,3.0,2.0
Maryland,Bouldering,V-easy,1,1,1.0,1.0,1,1.0,1.0
Maryland,Bouldering,V0,27,102,3.7777777777777777,3.0,97,3.5925925925925926,3.0
Maryland,Bouldering,V1,34,155,4.5588235294117645,2.5,147,4.323529411764706,2.5
Maryland,Bouldering,V2,44,146,3.3181818181818183,2.0,142,3.227272727272727,2.0
Maryland,Bouldering,V3,29,70,2.413793103448276,1.0,68,2.3448275862068964,1.0
Maryland,Bouldering,V4,23,48,2.0869565217391304,2.0,47,2.0434782608695654,2.0
Maryland,Bouldering,V5,21,51,2.4285714285714284,2.0,50,2.380952380952381,2.0
Maryland,Bouldering,V6,3,4,1.3333333333333333,1.0,4,1.3333333333333333,1.0
Maryland,Bouldering,V7,6,7,1.1666666666666667,1.0,7,1.1666666666666667,1.0
Maryland,Sport,5.10,2,11,5.5,5.5,11,5.5,5.5
Maryland,Sport,5.11,1,2,2.0,2.0,2,2.0,2.0
Maryland,Sport,5.8,1,5,5.0,5.0,5,5.0,5.0
Maryland,Sport,5.9,1,1,1.0,1.0,1,1.0,1.0
Maryland,Trad,5.1,3,5,1.6666666666666667,2.0,4,1.3333333333333333,1.0
Maryland,Trad,5.10,37,246,6.648648648648648,3.0,202,5.45945945945946,3.0
Maryland,Trad,5.11,5,13,2.6,2.0,13,2.6,2.0
Maryland,Trad,5.12,2,3,1.5,1.5,3,1.5,1.5
Maryland,Trad,5.2,6,15,2.5,1.5,14,2.3333333333333335,1.5
Maryland,Trad,5.3,10,146,14.6,3.0,120,12.0,3.0
Maryland,Trad,5.4,28,249,8.892857142857142,3.0,209,7.464285714285714,2.5
Maryland,Trad,5.5,20,347,17.35,2.5,268,13.4,2.5
Maryland,Trad,5.6,24,423,17.625,7.5,350,14.583333333333334,7.0
Maryland,Trad,5.7,33,283,8.575757575757576,6.0,241,7.303030303030303,5.0
Maryland,Trad,5.8,32,459,14.34375,6.5,390,12.1875,6.0
Maryland,Trad,5.9,33,400,12.121212121212121,3.0,326,9.878787878787879,3.0
Maryland,Trad,,1,1,1.0,1.0,1,1.0,1.0
Massachusetts,Bouldering,V-easy,18,106,5.888888888888889,2.5,91,5.055555555555555,2.0
Massachusetts,Bouldering,V0,116,317,2.7327586206896552,2.0,304,2.6206896551724137,2.0
Massachusetts,Bouldering,V1,128,381,2.9765625,2.0,355,2.7734375,2.0
Massachusetts,Bouldering,V10,5,8,1.6,2.0,8,1.6,2.0
Massachusetts,Bouldering,V11,3,3,1.0,1.0,3,1.0,1.0
Massachusetts,Bouldering,V12,2,2,1.0,1.0,2,1.0,1.0
Massachusetts,Bouldering,V2,197,479,2.431472081218274,1.0,443,2.248730964467005,1.0
Massachusetts,Bouldering,V3,297,611,2.057239057239057,1.0,582,1.9595959595959596,1.0
Massachusetts,Bouldering,V4,341,543,1.5923753665689149,1.0,518,1.5190615835777126,1.0
Massachusetts,Bouldering,V5,197,354,1.7969543147208122,1.0,330,1.6751269035532994,1.0
Massachusetts,Bouldering,V6,185,277,1.4972972972972973,1.0,270,1.4594594594594594,1.0
Massachusetts,Bouldering,V7,81,136,1.6790123456790123,1.0,125,1.5432098765432098,1.0
Massachusetts,Bouldering,V8,24,37,1.5416666666666667,1.0,36,1.5,1.0
Massachusetts,Bouldering,V9,10,24,2.4,1.0,23,2.3,1.0
Massachusetts,Sport,5.10,11,89,8.090909090909092,5.0,80,7.2727272727272725,5.0
Massachusetts,Sport,5.11,5,29,5.8,4.0,27,5.4,4.0
Massachusetts,Sport,5.12,3,43,14.333333333333334,1.0,37,12.333333333333334,1.0
Massachusetts,Sport,5.5,3,60,20.0,3.0,48,16.0,3.0
Massachusetts,Sport,5.6,6,57,9.5,11.0,55,9.166666666666666,11.0
Massachusetts,Sport,5.7,5,62,12.4,13.0,55,11.0,10.0
Massachusetts,Sport,5.8,4,74,18.5,9.0,68,17.0,7.5
Massachusetts,Sport,5.9,10,165,16.5,9.0,140,14.0,9.0
Massachusetts,Trad,5.10,19,403,21.210526315789473,11.0,321,16.894736842105264,11.0
Massachusetts,Trad,5.11,11,89,8.090909090909092,3.0,82,7.454545454545454,3.0
Massachusetts,Trad,5.12,3,8,2.6666666666666665,1.0,8,2.6666666666666665,1.0
Massachusetts,Trad,5.2,7,39,5.571428571428571,5.0,33,4.714285714285714,5.0
Massachusetts,Trad,5.3,8,100,12.5,8.0,80,10.0,5.0
Massachusetts,Trad,5.4,25,273,10.92,4.0,237,9.48,3.0
Massachusetts,Trad,5.5,15,518,34.53333333333333,7.0,394,26.266666666666666,4.0
Massachusetts,Trad,5.6,29,710,24.482758620689655,6.0,606,20.896551724137932,6.0
Massachusetts,Trad,5.7,36,584,16.22222222222222,4.0,483,13.416666666666666,2.0
Massachusetts,Trad,5.8,33,769,23.303030303030305,6.0,652,19.757575757575758,6.0
Massachusetts,Trad,5.9,25,388,15.52,3.0,334,13.36,3.0
Michigan,Bouldering,V0,6,13,2.1666666666666665,2.0,12,2.0,2.0
Michigan,Bouldering,V1,6,21,3.5,2.0,21,3.5,2.0
Michigan,Bouldering,V2,4,15,3.75,2.5,14,3.5,2.5
Michigan,Bouldering,V3,2,5,2.5,2.5,5,2.5,2.5
Michigan,Bouldering,V4,1,4,4.0,4.0,4,4.0,4.0
Michigan,Bouldering,V6,2,10,5.0,5.0,10,5.0,5.0
Michigan,Bouldering,V8,1,1,1.0,1.0,1,1.0,1.0
Michigan,Bouldering,V9,1,1,1.0,1.0,1,1.0,1.0
Michigan,Sport,5.10,14,101,7.214285714285714,7.5,92,6.571428571428571,7.0
Michigan,Sport,5.11,9,16,1.7777777777777777,2.0,14,1.5555555555555556,2.0
Michigan,Sport,5.12,3,5,1.6666666666666667,1.0,5,1.6666666666666667,1.0
Michigan,Sport,5.6,1,15,15.0,15.0,14,14.0,14.0
Michigan,Sport,5.7,4,62,15.5,17.5,50,12.5,13.5
Michigan,Sport,5.8,1,15,15.0,15.0,14,14.0,14.0
Michigan,Sport,5.9,6,36,6.0,2.5,35,5.833333333333333,2.5
Michigan,Trad,5.10,3,15,5.0,1.0,15,5.0,1.0
Michigan,Trad,5.11,1,1,1.0,1.0,1,1.0,1.0
Michigan,Trad,5.12,1,2,2.0,2.0,1,1.0,1.0
Michigan,Trad,5.5,1,2,2.0,2.0,2,2.0,2.0
Michigan,Trad,5.6,8,11,1.375,1.0,11,1.375,1.0
Michigan,Trad,5.7,14,34,2.4285714285714284,1.0,32,2.2857142857142856,1.0
Michigan,Trad,5.8,15,34,2.2666666666666666,1.0,33,2.2,1.0
Michigan,Trad,5.9,10,23,2.3,1.5,23,2.3,1.5
Minnesota,Bouldering,V-easy,30,89,2.966666666666667,1.0,79,2.6333333333333333,1.0
Minnesota,Bouldering,V0,63,273,4.333333333333333,2.0,257,4.079365079365079,2.0
Minnesota,Bouldering,V1,93,375,4.032258064516129,3.0,361,3.881720430107527,2.0
Minnesota,Bouldering,V10,1,1,1.0,1.0,1,1.0,1.0
Minnesota,Bouldering,V11,2,2,1.0,1.0,2,1.0,1.0
Minnesota,Bouldering,V12,1,1,1.0,1.0,1,1.0,1.0
Minnesota,Bouldering,V2,81,287,3.54320987654321,2.0,272,3.3580246913580245,2.0
Minnesota,Bouldering,V3,63,204,3.238095238095238,1.0,193,3.0634920634920637,1.0
Minnesota,Bouldering,V4,35,131,3.742857142857143,3.0,130,3.7142857142857144,3.0
Minnesota,Bouldering,V5,25,81,3.24,2.0,81,3.24,2.0
Minnesota,Bouldering,V6,11,25,2.272727272727273,2.0,25,2.272727272727273,2.0
Minnesota,Bouldering,V7,11,29,2.6363636363636362,1.0,29,2.6363636363636362,1.0
Minnesota,Bouldering,V8,7,11,1.5714285714285714,1.0,10,1.4285714285714286,1.0
Minnesota,Bouldering,V9,2,2,1.0,1.0,2,1.0,1.0
Minnesota,Sport,5.10,73,2256,30.904109589041095,10.0,1957,26.80821917808219,9.0
Minnesota,Sport,5.11,54,1394,25.814814814814813,10.0,1217,22.537037037037038,10.0
Minnesota,Sport,5.12,35,516,14.742857142857142,5.0,410,11.714285714285714,5.0
Minnesota,Sport,5.13,7,26,3.7142857142857144,1.0,24,3.4285714285714284,1.0
Minnesota,Sport,5.3,2,18,9.0,9.0,13,6.5,6.5
Minnesota,Sport,5.4,3,26,8.666666666666666,8.0,22,7.333333333333333,8.0
Minnesota,Sport,5.6,5,195,39.0,20.0,159,31.8,17.0
Minnesota,Sport,5.7,9,407,45.22222222222222,12.0,351,39.0,11.0
Minnesota,Sport,5.8,29,584,20.137931034482758,6.0,511,17.620689655172413,5.0
Minnesota,Sport,5.9,33,1410,42.72727272727273,9.0,1221,37.0,9.0
Minnesota,Trad,5.10,46,965,20.97826086956522,10.5,824,17.91304347826087,9.0
Minnesota,Trad,5.11,30,319,10.633333333333333,5.0,278,9.266666666666667,5.0
Minnesota,Trad,5.12,13,91,7.0,5.0,76,5.846153846153846,5.0
Minnesota,Trad,5.13,1,7,7.0,7.0,7,7.0,7.0
Minnesota,Trad,5.3,3,15,5.0,7.0,14,4.666666666666667,6.0
Minnesota,Trad,5.4,8,40,5.0,1.5,34,4.25,1.5
Minnesota,Trad,5.5,17,693,40.76470588235294,19.0,558,32.8235294117647,17.0
Minnesota,Trad,5.6,26,671,25.807692307692307,4.5,557,21.423076923076923,4.5
Minnesota,Trad,5.7,44,754,17.136363636363637,7.0,674,15.318181818181818,6.5
Minnesota,Trad,5.8,44,1027,23.34090909090909,6.0,886,20.136363636363637,6.0
Minnesota,Trad,5.9,49,1168,23.836734693877553,11.0,1022,20.857142857142858,10.0
Minnesota,Trad,,1,15,15.0,15.0,14,14.0,14.0
Mississippi,Trad,5.8,1,1,1.0,1.0,1,1.0,1.0
Missouri,Bouldering,V-easy,1,1,1.0,1.0,1,1.0,1.0
Missouri,Bouldering,V0,26,100,3.8461538461538463,3.0,98,3.769230769230769,3.0
Missouri,Bouldering,V1,38,87,2.289473684210526,2.0,76,2.0,1.0
Missouri,Bouldering,V2,37,102,2.7567567567567566,2.0,97,2.6216216216216215,2.0
Missouri,Bouldering,V3,18,52,2.888888888888889,2.0,51,2.8333333333333335,2.0
Missouri,Bouldering,V4,15,57,3.8,2.0,53,3.533333333333333,2.0
Missouri,Bouldering,V5,8,23,2.875,1.5,21,2.625,1.5
Missouri,Bouldering,V6,6,15,2.5,2.0,15,2.5,2.0
Missouri,Bouldering,V7,6,18,3.0,2.0,17,2.8333333333333335,2.0
Missouri,Bouldering,V8,3,4,1.3333333333333333,1.0,4,1.3333333333333333,1.0
Missouri,Bouldering,V9,1,1,1.0,1.0,1,1.0,1.0
Missouri,Sport,5.10,96,677,7.052083333333333,4.5,612,6.375,4.0
Missouri,Sport,5.11,72,351,4.875,3.0,326,4.527777777777778,3.0
Missouri,Sport,5.12,47,183,3.893617021276596,2.0,164,3.4893617021276597,2.0
Missouri,Sport,5.13,1,2,2.0,2.0,2,2.0,2.0
Missouri,Sport,5.5,4,36,9.0,11.0,28,7.0,8.5
Missouri,Sport,5.6,9,87,9.666666666666666,5.0,75,8.333333333333334,5.0
Missouri,Sport,5.7,21,276,13.142857142857142,11.0,211,10.047619047619047,8.0
Missouri,Sport,5.8,40,443,11.075,7.0,344,8.6,5.0
Missouri,Sport,5.9,40,277,6.925,3.5,246,6.15,3.0
Missouri,Trad,5.10,16,66,4.125,2.0,66,4.125,2.0
Missouri,Trad,5.11,8,29,3.625,3.0,27,3.375,2.5
Missouri,Trad,5.3,1,1,1.0,1.0,1,1.0,1.0
Missouri,Trad,5.4,4,4,1.0,1.0,4,1.0,1.0
Missouri,Trad,5.5,2,3,1.5,1.5,3,1.5,1.5
Missouri,Trad,5.6,5,16,3.2,2.0,14,2.8,1.0
Missouri,Trad,5.7,11,66,6.0,2.0,48,4.363636363636363,2.0
Missouri,Trad,5.8,14,70,5.0,4.0,61,4.357142857142857,2.5
Missouri,Trad,5.9,28,134,4.785714285714286,3.5,122,4.357142857142857,3.0
Missouri,Trad,,1,4,4.0,4.0,4,4.0,4.0
Montana,Bouldering,V-easy,1,1,1.0,1.0,1,1.0,1.0
Montana,Bouldering,V0,33,50,1.5151515151515151,1.0,43,1.303030303030303,1.0
Montana,Bouldering,V1,21,37,1.7619047619047619,1.0,31,1.4761904761904763,1.0
Montana,Bouldering,V10,3,3,1.0,1.0,3,1.0,1.0
Montana,Bouldering,V2,21,26,1.2380952380952381,1.0,24,1.1428571428571428,1.0
Montana,Bouldering,V3,19,29,1.5263157894736843,1.0,28,1.4736842105263157,1.0
Montana,Bouldering,V4,12,20,1.6666666666666667,1.0,18,1.5,1.0
Montana,Bouldering,V5,6,10,1.6666666666666667,1.0,10,1.6666666666666667,1.0
Montana,Bouldering,V6,9,17,1.8888888888888888,1.0,17,1.8888888888888888,1.0
Montana,Bouldering,V7,6,7,1.1666666666666667,1.0,7,1.1666666666666667,1.0
Montana,Bouldering,V8,6,6,1.0,1.0,6,1.0,1.0
Montana,Bouldering,V9,2,2,1.0,1.0,2,1.0,1.0
Montana,Sport,5.10,194,1321,6.809278350515464,3.0,1218,6.278350515463917,3.0
Montana,Sport,5.11,125,492,3.936,3.0,465,3.72,2.0
Montana,Sport,5.12,56,238,4.25,2.0,203,3.625,2.0
Montana,Sport,5.13,12,14,1.1666666666666667,1.0,14,1.1666666666666667,1.0
Montana,Sport,5.14,1,1,1.0,1.0,1,1.0,1.0
Montana,Sport,5.4,3,4,1.3333333333333333,1.0,4,1.3333333333333333,1.0
Montana,Sport,5.5,5,7,1.4,1.0,7,1.4,1.0
Montana,Sport,5.6,13,127,9.76923076923077,7.0,122,9.384615384615385,7.0
Montana,Sport,5.7,21,283,13.476190476190476,6.0,241,11.476190476190476,5.0
Montana,Sport,5.8,49,625,12.755102040816327,4.0,544,11.10204081632653,4.0
Montana,Sport,5.9,79,929,11.759493670886076,7.0,812,10.278481012658228,6.0
Montana,Trad,5.10,88,621,7.056818181818182,2.0,519,5.8977272727272725,2.0
Montana,Trad,5.11,34,224,6.588235294117647,3.0,195,5.735294117647059,3.0
Montana,Trad,5.12,15,52,3.466666666666667,1.0,38,2.533333333333333,1.0
Montana,Trad,5.13,1,1,1.0,1.0,1,1.0,1.0
Montana,Trad,5.4,3,12,4.0,2.0,11,3.6666666666666665,2.0
Montana,Trad,5.5,4,18,4.5,3.5,16,4.0,2.5
Montana,Trad,5.6,13,396,30.46153846153846,8.0,322,24.76923076923077,8.0
Montana,Trad,5.7,29,208,7.172413793103448,3.0,179,6.172413793103448,2.0
Montana,Trad,5.8,56,1071,19.125,6.0,860,15.357142857142858,5.0
Montana,Trad,5.9,68,680,10.0,3.5,576,8.470588235294118,3.0
Montana,Trad,,1,14,14.0,14.0,14,14.0,14.0
Nevada,Bouldering,V-easy,10,58,5.8,1.0,42,4.2,1.0
Nevada,Bouldering,V0,63,1997,31.6984126984127,6.0,1574,24.984126984126984,4.0
Nevada,Bouldering,V1,61,1688,27.672131147540984,5.0,1076,17.639344262295083,4.0
Nevada,Bouldering,V10,3,8,2.6666666666666665,3.0,8,2.6666666666666665,3.0
Nevada,Bouldering,V2,78,2294,29.41025641025641,5.0,2103,26.96153846153846,5.0
Nevada,Bouldering,V3,53,1189,22.433962264150942,4.0,1156,21.81132075471698,4.0
Nevada,Bouldering,V4,37,491,13.27027027027027,5.0,464,12.54054054054054,3.0
Nevada,Bouldering,V5,28,764,27.285714285714285,7.5,725,25.892857142857142,7.0
Nevada,Bouldering,V6,16,438,27.375,7.0,421,26.3125,7.0
Nevada,Bouldering,V7,18,289,16.055555555555557,7.0,278,15.444444444444445,7.0
Nevada,Bouldering,V8,8,87,10.875,4.5,83,10.375,4.5
Nevada,Bouldering,V9,10,31,3.1,2.5,31,3.1,2.5
Nevada,Sport,5.10,296,18407,62.185810810810814,12.0,16333,55.179054054054056,11.5
Nevada,Sport,5.11,319,12376,38.79623824451411,7.0,11363,35.62068965517241,7.0
Nevada,Sport,5.12,197,2961,15.030456852791879,4.0,2759,14.00507614213198,4.0
Nevada,Sport,5.13,52,175,3.3653846153846154,2.0,163,3.1346153846153846,2.0
Nevada,Sport,5.14,6,8,1.3333333333333333,1.0,8,1.3333333333333333,1.0
Nevada,Sport,5.4,3,286,95.33333333333333,107.0,263,87.66666666666667,101.0
Nevada,Sport,5.5,12,287,23.916666666666668,20.0,277,23.083333333333332,19.5
Nevada,Sport,5.6,27,1294,47.925925925925924,27.0,1219,45.148148148148145,24.0
Nevada,Sport,5.7,68,6058,89.08823529411765,31.0,5571,81.92647058823529,29.0
Nevada,Sport,5.8,93,9794,105.31182795698925,39.0,9019,96.97849462365592,34.0
Nevada,Sport,5.9,107,11446,106.97196261682242,20.0,10384,97.04672897196262,19.0
Nevada,Trad,5.10,276,8585,31.105072463768117,5.0,7900,28.6231884057971,4.0
Nevada,Trad,5.11,116,1935,16.68103448275862,3.0,1798,15.5,3.0
Nevada,Trad,5.12,27,466,17.25925925925926,3.0,441,16.333333333333332,3.0
Nevada,Trad,5.13,2,13,6.5,6.5,12,6.0,6.0
Nevada,Trad,5.2,1,3,3.0,3.0,1,1.0,1.0
Nevada,Trad,5.3,7,256,36.57142857142857,7.0,237,33.857142857142854,7.0
Nevada,Trad,5.4,14,864,61.714285714285715,6.0,780,55.714285714285715,6.0
Nevada,Trad,5.5,33,1039,31.484848484848484,11.0,956,28.96969696969697,9.0
Nevada,Trad,5.6,63,5757,91.38095238095238,12.0,5213,82.74603174603175,11.0
Nevada,Trad,5.7,150,7767,51.78,8.0,7124,47.49333333333333,8.0
Nevada,Trad,5.8,157,9086,57.87261146496815,6.0,8378,53.36305732484077,5.0
Nevada,Trad,5.9,198,7040,35.55555555555556,8.0,6425,32.44949494949495,7.5
Nevada,Trad,,6,119,19.833333333333332,5.5,94,15.666666666666666,5.5
New Hampshire,Bouldering,V-easy,14,43,3.0714285714285716,2.0,40,2.857142857142857,2.0
New Hampshire,Bouldering,V0,269,2341,8.702602230483272,3.0,2229,8.28624535315985,3.0
New Hampshire,Bouldering,V1,210,1876,8.933333333333334,2.0,1794,8.542857142857143,2.0
New Hampshire,Bouldering,V10,12,46,3.8333333333333335,3.5,44,3.6666666666666665,3.5
New Hampshire,Bouldering,V11,10,25,2.5,2.0,25,2.5,2.0
New Hampshire,Bouldering,V12,2,4,2.0,2.0,4,2.0,2.0
New Hampshire,Bouldering,V13,1,1,1.0,1.0,1,1.0,1.0
New Hampshire,Bouldering,V2,201,1762,8.766169154228855,2.0,1704,8.477611940298507,2.0
New Hampshire,Bouldering,V3,227,1780,7.841409691629956,2.0,1690,7.4449339207048455,2.0
New Hampshire,Bouldering,V4,142,1017,7.161971830985915,3.0,987,6.950704225352113,2.0
New Hampshire,Bouldering,V5,113,722,6.389380530973451,2.0,704,6.230088495575221,2.0
New Hampshire,Bouldering,V6,92,814,8.847826086956522,2.5,792,8.608695652173912,2.5
New Hampshire,Bouldering,V7,51,601,11.784313725490197,6.0,591,11.588235294117647,6.0
New Hampshire,Bouldering,V8,51,363,7.117647058823529,3.0,355,6.96078431372549,3.0
New Hampshire,Bouldering,V9,28,144,5.142857142857143,3.5,139,4.964285714285714,3.0
New Hampshire,Sport,5.10,157,13926,88.70063694267516,24.0,12137,77.30573248407643,22.0
New Hampshire,Sport,5.11,134,4529,33.798507462686565,9.0,3962,29.567164179104477,9.0
New Hampshire,Sport,5.12,115,2840,24.695652173913043,7.0,2519,21.904347826086955,7.0
New Hampshire,Sport,5.13,44,414,9.409090909090908,4.0,356,8.090909090909092,4.0
New Hampshire,Sport,5.14,6,15,2.5,2.0,14,2.3333333333333335,2.0
New Hampshire,Sport,5.15,1,1,1.0,1.0,1,1.0,1.0
New Hampshire,Sport,5.3,5,1527,305.4,213.0,1281,256.2,175.0
New Hampshire,Sport,5.4,8,728,91.0,58.0,618,77.25,51.5
New Hampshire,Sport,5.5,11,808,73.45454545454545,33.0,728,66.18181818181819,31.0
New Hampshire,Sport,5.6,20,2711,135.55,104.5,2357,117.85,98.0
New Hampshire,Sport,5.7,47,6730,143.19148936170214,85.0,5780,122.97872340425532,70.0
New Hampshire,Sport,5.8,73,9062,124.13698630136986,60.0,7839,107.38356164383562,57.0
New Hampshire,Sport,5.9,82,7539,91.9390243902439,26.5,6623,80.76829268292683,25.5
New Hampshire,Sport,,1,20,20.0,20.0,17,17.0,17.0
New Hampshire,Trad,5.1,2,6,3.0,3.0,6,3.0,3.0
New Hampshire,Trad,5.10,195,2348,12.04102564102564,3.0,2093,10.733333333333333,3.0
New Hampshire,Trad,5.11,97,817,8.422680412371134,3.0,728,7.505154639175258,3.0
New Hampshire,Trad,5.12,21,76,3.619047619047619,1.0,73,3.4761904761904763,1.0
New Hampshire,Trad,5.13,3,5,1.6666666666666667,1.0,5,1.6666666666666667,1.0
New Hampshire,Trad,5.14,1,3,3.0,3.0,2,2.0,2.0
New Hampshire,Trad,5.2,5,68,13.6,12.0,63,12.6,10.0
New Hampshire,Trad,5.3,13,127,9.76923076923077,5.0,96,7.384615384615385,5.0
New Hampshire,Trad,5.4,26,385,14.807692307692308,3.0,340,13.076923076923077,3.0
New Hampshire,Trad,5.5,59,1722,29.1864406779661,3.0,1433,24.28813559322034,3.0
New Hampshire,Trad,5.6,83,2137,25.746987951807228,4.0,1792,21.59036144578313,4.0
New Hampshire,Trad,5.7,164,4154,25.329268292682926,5.0,3709,22.615853658536587,5.0
New Hampshire,Trad,5.8,174,3576,20.551724137931036,3.0,3133,18.00574712643678,3.0
New Hampshire,Trad,5.9,175,3108,17.76,4.0,2692,15.382857142857143,4.0
New Hampshire,Trad,,3,6,2.0,2.0,6,2.0,2.0
New Jersey,Bouldering,V-easy,1,1,1.0,1.0,1,1.0,1.0
New Jersey,Bouldering,V0,17,88,5.176470588235294,5.0,86,5.0588235294117645,4.0
New Jersey,Bouldering,V1,14,67,4.785714285714286,1.5,62,4.428571428571429,1.5
New Jersey,Bouldering,V10,1,2,2.0,2.0,1,1.0,1.0
New Jersey,Bouldering,V2,15,85,5.666666666666667,3.0,81,5.4,3.0
New Jersey,Bouldering,V3,11,46,4.181818181818182,3.0,42,3.8181818181818183,3.0
New Jersey,Bouldering,V4,6,36,6.0,2.0,34,5.666666666666667,2.0
New Jersey,Bouldering,V5,8,28,3.5,3.0,27,3.375,3.0
New Jersey,Bouldering,V6,1,1,1.0,1.0,1,1.0,1.0
New Jersey,Bouldering,V7,2,7,3.5,3.5,7,3.5,3.5
New Jersey,Bouldering,V8,1,2,2.0,2.0,2,2.0,2.0
New Jersey,Trad,5.1,2,13,6.5,6.5,12,6.0,6.0
New Jersey,Trad,5.10,3,4,1.3333333333333333,1.0,4,1.3333333333333333,1.0
New Jersey,Trad,5.11,3,6,2.0,2.0,5,1.6666666666666667,1.0
New Jersey,Trad,5.2,1,1,1.0,1.0,1,1.0,1.0
New Jersey,Trad,5.3,2,48,24.0,24.0,43,21.5,21.5
New Jersey,Trad,5.4,2,44,22.0,22.0,39,19.5,19.5
New Jersey,Trad,5.5,6,22,3.6666666666666665,2.5,21,3.5,2.5
New Jersey,Trad,5.6,11,69,6.2727272727272725,7.0,64,5.818181818181818,6.0
New Jersey,Trad,5.7,11,48,4.363636363636363,2.0,45,4.090909090909091,2.0
New Jersey,Trad,5.8,8,47,5.875,3.0,40,5.0,2.5
New Jersey,Trad,5.9,2,13,6.5,6.5,12,6.0,6.0
New Mexico,Bouldering,V-easy,2,3,1.5,1.5,3,1.5,1.5
New Mexico,Bouldering,V0,57,248,4.350877192982456,3.0,228,4.0,3.0
New Mexico,Bouldering,V1,38,194,5.105263157894737,2.0,173,4.552631578947368,2.0
New Mexico,Bouldering,V10,7,16,2.2857142857142856,1.0,16,2.2857142857142856,1.0
New Mexico,Bouldering,V12,1,1,1.0,1.0,1,1.0,1.0
New Mexico,Bouldering,V13,1,1,1.0,1.0,1,1.0,1.0
New Mexico,Bouldering,V2,55,251,4.5636363636363635,2.0,238,4.327272727272727,2.0
New Mexico,Bouldering,V3,49,215,4.387755102040816,2.0,201,4.1020408163265305,2.0
New Mexico,Bouldering,V4,39,135,3.4615384615384617,3.0,130,3.3333333333333335,3.0
New Mexico,Bouldering,V5,33,77,2.3333333333333335,1.0,66,2.0,1.0
New Mexico,Bouldering,V6,23,76,3.3043478260869565,2.0,69,3.0,2.0
New Mexico,Bouldering,V7,14,43,3.0714285714285716,2.0,38,2.7142857142857144,2.0
New Mexico,Bouldering,V8,9,19,2.111111111111111,1.0,17,1.8888888888888888,1.0
New Mexico,Bouldering,V9,7,17,2.4285714285714284,2.0,16,2.2857142857142856,2.0
New Mexico,Sport,5.10,473,5682,12.012684989429175,6.0,5162,10.913319238900634,6.0
New Mexico,Sport,5.11,416,3248,7.8076923076923075,4.0,2986,7.177884615384615,4.0
New Mexico,Sport,5.12,280,2137,7.632142857142857,4.0,1907,6.810714285714286,3.0
New Mexico,Sport,5.13,81,226,2.7901234567901234,2.0,215,2.654320987654321,2.0
New Mexico,Sport,5.14,10,15,1.5,1.0,13,1.3,1.0
New Mexico,Sport,5.3,2,17,8.5,8.5,14,7.0,7.0
New Mexico,Sport,5.4,2,61,30.5,30.5,54,27.0,27.0
New Mexico,Sport,5.5,6,24,4.0,1.5,24,4.0,1.5
New Mexico,Sport,5.6,20,435,21.75,10.0,391,19.55,9.0
New Mexico,Sport,5.7,55,1393,25.327272727272728,15.0,1253,22.78181818181818,13.0
New Mexico,Sport,5.8,110,2306,20.963636363636365,10.0,2067,18.79090909090909,10.0
New Mexico,Sport,5.9,184,3564,19.369565217391305,11.5,3191,17.342391304347824,11.0
New Mexico,Sport,,1,1,1.0,1.0,1,1.0,1.0
New Mexico,Trad,5.10,219,1043,4.762557077625571,2.0,949,4.333333333333333,2.0
New Mexico,Trad,5.11,118,375,3.1779661016949152,2.0,347,2.940677966101695,2.0
New Mexico,Trad,5.12,41,80,1.951219512195122,1.0,79,1.9268292682926829,1.0
New Mexico,Trad,5.13,4,9,2.25,2.0,9,2.25,2.0
New Mexico,Trad,5.2,2,3,1.5,1.5,3,1.5,1.5
New Mexico,Trad,5.4,9,66,7.333333333333333,5.0,57,6.333333333333333,3.0
New Mexico,Trad,5.5,22,220,10.0,3.0,172,7.818181818181818,3.0
New Mexico,Trad,5.6,58,590,10.172413793103448,4.5,516,8.89655172413793,4.0
New Mexico,Trad,5.7,149,1214,8.14765100671141,4.0,1049,7.040268456375839,3.0
New Mexico,Trad,5.8,177,1657,9.361581920903955,4.0,1433,8.096045197740112,4.0
New Mexico,Trad,5.9,187,1371,7.331550802139038,4.0,1212,6.481283422459893,4.0
New Mexico,Trad,,20,115,5.75,2.5,106,5.3,2.5
New York,Bouldering,V-easy,1,12,12.0,12.0,12,12.0,12.0
New York,Bouldering,V0,114,995,8.728070175438596,3.0,933,8.18421052631579,3.0
New York,Bouldering,V1,79,577,7.30379746835443,3.0,525,6.6455696202531644,3.0
New York,Bouldering,V10,2,2,1.0,1.0,2,1.0,1.0
New York,Bouldering,V2,81,532,6.567901234567901,2.0,493,6.08641975308642,2.0
New York,Bouldering,V3,50,331,6.62,2.5,299,5.98,2.0
New York,Bouldering,V4,43,355,8.255813953488373,3.0,341,7.930232558139535,3.0
New York,Bouldering,V5,32,212,6.625,2.0,190,5.9375,2.0
New York,Bouldering,V6,20,45,2.25,2.0,43,2.15,2.0
New York,Bouldering,V7,19,139,7.315789473684211,2.0,121,6.368421052631579,2.0
New York,Bouldering,V8,12,52,4.333333333333333,2.5,47,3.9166666666666665,2.0
New York,Bouldering,V9,8,9,1.125,1.0,9,1.125,1.0
New York,Sport,5.10,72,663,9.208333333333334,6.0,581,8.069444444444445,5.5
New York,Sport,5.11,27,104,3.8518518518518516,2.0,95,3.5185185185185186,2.0
New York,Sport,5.12,11,22,2.0,1.0,21,1.9090909090909092,1.0
New York,Sport,5.13,3,3,1.0,1.0,3,1.0,1.0
New York,Sport,5.5,2,29,14.5,14.5,25,12.5,12.5
New York,Sport,5.6,3,68,22.666666666666668,22.0,58,19.333333333333332,20.0
New York,Sport,5.7,15,285,19.0,17.0,265,17.666666666666668,16.0
New York,Sport,5.8,26,421,16.192307692307693,10.0,373,14.346153846153847,10.0
New York,Sport,5.9,32,367,11.46875,6.5,325,10.15625,6.0
New York,Trad,5.1,6,23,3.8333333333333335,3.0,21,3.5,3.0
New York,Trad,5.10,259,7392,28.54054054054054,6.0,5930,22.895752895752896,6.0
New York,Trad,5.11,79,977,12.367088607594937,5.0,826,10.455696202531646,5.0
New York,Trad,5.12,37,258,6.972972972972973,3.0,224,6.054054054054054,3.0
New York,Trad,5.13,3,11,3.6666666666666665,3.0,11,3.6666666666666665,3.0
New York,Trad,5.2,11,511,46.45454545454545,17.0,421,38.27272727272727,16.0
New York,Trad,5.3,41,2709,66.07317073170732,9.0,2098,51.170731707317074,8.0
New York,Trad,5.4,65,3478,53.50769230769231,8.0,2949,45.36923076923077,8.0
New York,Trad,5.5,88,7920,90.0,8.5,6301,71.60227272727273,8.0
New York,Trad,5.6,136,11147,81.96323529411765,10.0,8919,65.58088235294117,10.0
New York,Trad,5.7,186,9834,52.87096774193548,11.0,7923,42.596774193548384,10.0
New York,Trad,5.8,262,11412,43.55725190839695,8.0,9340,35.64885496183206,7.0
New York,Trad,5.9,212,7489,35.325471698113205,8.0,6085,28.702830188679247,7.0
New York,Trad,,14,194,13.857142857142858,4.5,175,12.5,4.0
North Carolina,Bouldering,V-easy,3,12,4.0,1.0,11,3.6666666666666665,1.0
North Carolina,Bouldering,V0,37,205,5.54054054054054,3.0,193,5.216216216216216,3.0
North Carolina,Bouldering,V1,58,599,10.327586206896552,4.0,544,9.379310344827585,4.0
North Carolina,Bouldering,V10,7,9,1.2857142857142858,1.0,9,1.2857142857142858,1.0
North Carolina,Bouldering,V11,1,1,1.0,1.0,1,1.0,1.0
North Carolina,Bouldering,V12,1,1,1.0,1.0,1,1.0,1.0
North Carolina,Bouldering,V2,58,698,12.03448275862069,5.0,671,11.568965517241379,5.0
North Carolina,Bouldering,V3,78,903,11.576923076923077,6.5,849,10.884615384615385,6.0
North Carolina,Bouldering,V4,74,602,8.135135135135135,4.0,581,7.851351351351352,3.5
North Carolina,Bouldering,V5,63,457,7.253968253968254,4.0,433,6.873015873015873,4.0
North Carolina,Bouldering,V6,42,218,5.190476190476191,4.0,206,4.904761904761905,4.0
North Carolina,Bouldering,V7,22,121,5.5,4.5,115,5.2272727272727275,3.5
North Carolina,Bouldering,V8,16,61,3.8125,3.0,60,3.75,3.0
North Carolina,Bouldering,V9,5,7,1.4,1.0,7,1.4,1.0
North Carolina,Sport,5.10,75,2708,36.10666666666667,16.0,2126,28.346666666666668,14.0
North Carolina,Sport,5.11,61,1059,17.360655737704917,7.0,911,14.934426229508198,7.0
North Carolina,Sport,5.12,45,262,5.822222222222222,3.0,233,5.177777777777778,2.0
North Carolina,Sport,5.13,9,27,3.0,3.0,25,2.7777777777777777,3.0
North Carolina,Sport,5.4,1,9,9.0,9.0,8,8.0,8.0
North Carolina,Sport,5.5,3,122,40.666666666666664,46.0,94,31.333333333333332,29.0
North Carolina,Sport,5.6,3,76,25.333333333333332,10.0,53,17.666666666666668,10.0
North Carolina,Sport,5.7,19,1192,62.73684210526316,35.0,907,47.73684210526316,30.0
North Carolina,Sport,5.8,18,831,46.166666666666664,29.0,663,36.833333333333336,24.0
North Carolina,Sport,5.9,29,904,31.17241379310345,8.0,704,24.275862068965516,7.0
North Carolina,Trad,5.10,243,2817,11.592592592592593,4.0,2297,9.452674897119342,3.0
North Carolina,Trad,5.11,157,1475,9.394904458598726,2.0,1170,7.452229299363057,2.0
North Carolina,Trad,5.12,41,146,3.5609756097560976,2.0,131,3.1951219512195124,2.0
North Carolina,Trad,5.13,4,62,15.5,3.0,48,12.0,2.0
North Carolina,Trad,5.2,1,5,5.0,5.0,5,5.0,5.0
North Carolina,Trad,5.3,4,65,16.25,13.5,56,14.0,10.0
North Carolina,Trad,5.4,12,837,69.75,12.0,691,57.583333333333336,10.5
North Carolina,Trad,5.5,39,2414,61.8974358974359,10.0,2048,52.51282051282051,10.0
North Carolina,Trad,5.6,56,2085,37.232142857142854,8.0,1767,31.553571428571427,8.0
North Carolina,Trad,5.7,73,2827,38.726027397260275,9.0,2326,31.863013698630137,7.0
North Carolina,Trad,5.8,143,4592,32.11188811188811,5.0,3877,27.111888111888113,4.0
North Carolina,Trad,5.9,148,2327,15.722972972972974,4.0,1912,12.91891891891892,4.0
North Carolina,Trad,,2,11,5.5,5.5,10,5.0,5.0
North Dakota,Bouldering,V-easy,1,1,1.0,1.0,1,1.0,1.0
North Dakota,Bouldering,V0,1,2,2.0,2.0,2,2.0,2.0
North Dakota,Bouldering,V1,6,10,1.6666666666666667,2.0,10,1.6666666666666667,2.0
North Dakota,Bouldering,V4,1,3,3.0,3.0,3,3.0,3.0
North Dakota,Bouldering,V5,1,1,1.0,1.0,1,1.0,1.0
North Dakota,Sport,5.10,1,1,1.0,1.0,1,1.0,1.0
North Dakota,Sport,5.9,1,1,1.0,1.0,1,1.0,1.0
North Dakota,Trad,5.10,2,3,1.5,1.5,3,1.5,1.5
North Dakota,Trad,5.7,2,3,1.5,1.5,2,1.0,1.0
North Dakota,Trad,5.8,1,1,1.0,1.0,1,1.0,1.0
North Dakota,Trad,5.9,1,2,2.0,2.0,2,2.0,2.0
Ohio,Bouldering,V-easy,10,18,1.8,2.0,16,1.6,1.5
Ohio,Bouldering,V0,58,132,2.2758620689655173,1.0,121,2.086206896551724,1.0
Ohio,Bouldering,V1,61,140,2.2950819672131146,2.0,134,2.19672131147541,1.0
Ohio,Bouldering,V2,60,160,2.6666666666666665,1.5,155,2.5833333333333335,1.0
Ohio,Bouldering,V3,43,115,2.6744186046511627,2.0,109,2.5348837209302326,2.0
Ohio,Bouldering,V4,30,61,2.033333333333333,1.0,59,1.9666666666666666,1.0
Ohio,Bouldering,V5,13,42,3.230769230769231,2.0,38,2.923076923076923,2.0
Ohio,Bouldering,V6,3,7,2.3333333333333335,3.0,7,2.3333333333333335,3.0
Ohio,Bouldering,V7,8,16,2.0,2.0,16,2.0,2.0
Ohio,Bouldering,V8,4,7,1.75,1.0,7,1.75,1.0
Ohio,Bouldering,V9,1,1,1.0,1.0,1,1.0,1.0
Ohio,Sport,5.10,34,427,12.558823529411764,7.0,371,10.911764705882353,6.0
Ohio,Sport,5.11,17,58,3.411764705882353,2.0,50,2.9411764705882355,2.0
Ohio,Sport,5.12,7,20,2.857142857142857,1.0,19,2.7142857142857144,1.0
Ohio,Sport,5.13,1,1,1.0,1.0,1,1.0,1.0
Ohio,Sport,5.5,2,7,3.5,3.5,6,3.0,3.0
Ohio,Sport,5.6,2,125,62.5,62.5,98,49.0,49.0
Ohio,Sport,5.7,6,99,16.5,4.0,85,14.166666666666666,4.0
Ohio,Sport,5.8,9,138,15.333333333333334,7.0,106,11.777777777777779,4.0
Ohio,Sport,5.9,16,286,17.875,6.5,217,13.5625,5.5
Ohio,Trad,5.10,7,13,1.8571428571428572,2.0,11,1.5714285714285714,1.0
Ohio,Trad,5.3,2,9,4.5,4.5,9,4.5,4.5
Ohio,Trad,5.4,5,25,5.0,3.0,19,3.8,2.0
Ohio,Trad,5.5,5,10,2.0,2.0,10,2.0,2.0
Ohio,Trad,5.6,10,61,6.1,2.0,54,5.4,2.0
Ohio,Trad,5.7,7,69,9.857142857142858,1.0,63,9.0,1.0
Ohio,Trad,5.8,11,92,8.363636363636363,2.0,73,6.636363636363637,2.0
Ohio,Trad,5.9,5,7,1.4,1.0,6,1.2,1.0
Oklahoma,Bouldering,V-easy,4,11,2.75,2.5,11,2.75,2.5
Oklahoma,Bouldering,V0,27,48,1.7777777777777777,1.0,48,1.7777777777777777,1.0
Oklahoma,Bouldering,V1,19,69,3.6315789473684212,1.0,57,3.0,1.0
Oklahoma,Bouldering,V10,1,1,1.0,1.0,1,1.0,1.0
Oklahoma,Bouldering,V2,26,56,2.1538461538461537,1.0,55,2.1153846153846154,1.0
Oklahoma,Bouldering,V3,30,115,3.8333333333333335,2.0,108,3.6,1.0
Oklahoma,Bouldering,V4,17,55,3.235294117647059,2.0,50,2.9411764705882355,2.0
Oklahoma,Bouldering,V5,16,25,1.5625,1.0,24,1.5,1.0
Oklahoma,Bouldering,V6,9,23,2.5555555555555554,2.0,23,2.5555555555555554,2.0
Oklahoma,Bouldering,V7,11,28,2.5454545454545454,2.0,25,2.272727272727273,2.0
Oklahoma,Bouldering,V8,3,5,1.6666666666666667,1.0,4,1.3333333333333333,1.0
Oklahoma,Sport,5.10,23,246,10.695652173913043,5.0,215,9.347826086956522,5.0
Oklahoma,Sport,5.11,25,168,6.72,5.0,151,6.04,4.0
Oklahoma,Sport,5.12,5,36,7.2,5.0,29,5.8,4.0
Oklahoma,Sport,5.13,3,6,2.0,1.0,6,2.0,1.0
Oklahoma,Sport,5.5,1,47,47.0,47.0,30,30.0,30.0
Oklahoma,Sport,5.6,3,69,23.0,17.0,59,19.666666666666668,13.0
Oklahoma,Sport,5.7,4,84,21.0,12.5,67,16.75,9.0
Oklahoma,Sport,5.8,3,95,31.666666666666668,4.0,84,28.0,3.0
Oklahoma,Sport,5.9,14,271,19.357142857142858,8.0,226,16.142857142857142,6.0
Oklahoma,Trad,5.10,51,405,7.9411764705882355,3.0,363,7.117647058823529,3.0
Oklahoma,Trad,5.11,16,80,5.0,2.5,71,4.4375,2.5
Oklahoma,Trad,5.12,4,12,3.0,2.5,11,2.75,2.5
Oklahoma,Trad,5.13,1,1,1.0,1.0,1,1.0,1.0
Oklahoma,Trad,5.3,1,1,1.0,1.0,1,1.0,1.0
Oklahoma,Trad,5.4,5,17,3.4,2.0,13,2.6,2.0
Oklahoma,Trad,5.5,7,208,29.714285714285715,16.0,166,23.714285714285715,13.0
Oklahoma,Trad,5.6,24,794,33.083333333333336,19.5,678,28.25,16.5
Oklahoma,Trad,5.7,36,807,22.416666666666668,11.5,702,19.5,10.0
Oklahoma,Trad,5.8,44,768,17.454545454545453,6.5,659,14.977272727272727,6.5
Oklahoma,Trad,5.9,36,316,8.777777777777779,4.0,292,8.11111111111111,3.5
Oregon,Bouldering,V-easy,4,6,1.5,1.0,6,1.5,1.0
Oregon,Bouldering,V0,19,88,4.631578947368421,2.0,76,4.0,1.0
Oregon,Bouldering,V1,23,71,3.0869565217391304,2.0,71,3.0869565217391304,2.0
Oregon,Bouldering,V10,1,1,1.0,1.0,1,1.0,1.0
Oregon,Bouldering,V2,24,94,3.9166666666666665,2.0,88,3.6666666666666665,2.0
Oregon,Bouldering,V3,30,158,5.266666666666667,4.0,146,4.866666666666666,3.0
Oregon,Bouldering,V4,21,66,3.142857142857143,1.0,64,3.0476190476190474,1.0
Oregon,Bouldering,V5,13,60,4.615384615384615,3.0,53,4.076923076923077,2.0
Oregon,Bouldering,V6,7,21,3.0,1.0,21,3.0,1.0
Oregon,Bouldering,V7,4,14,3.5,2.5,14,3.5,2.5
Oregon,Bouldering,V8,5,12,2.4,1.0,11,2.2,1.0
Oregon,Bouldering,V9,1,1,1.0,1.0,1,1.0,1.0
Oregon,Sport,5.1,1,3,3.0,3.0,3,3.0,3.0
Oregon,Sport,5.10,335,13536,40.40597014925373,7.0,12160,36.298507462686565,7.0
Oregon,Sport,5.11,246,5218,21.211382113821138,5.0,4527,18.402439024390244,5.0
Oregon,Sport,5.12,181,2081,11.497237569060774,4.0,1753,9.685082872928177,3.0
Oregon,Sport,5.13,41,155,3.7804878048780486,2.0,136,3.317073170731707,2.0
Oregon,Sport,5.14,6,8,1.3333333333333333,1.0,8,1.3333333333333333,1.0
Oregon,Sport,5.3,1,4,4.0,4.0,3,3.0,3.0
Oregon,Sport,5.4,2,4,2.0,2.0,4,2.0,2.0
Oregon,Sport,5.5,9,569,63.22222222222222,67.0,514,57.111111111111114,55.0
Oregon,Sport,5.6,11,987,89.72727272727273,69.0,879,79.9090909090909,65.0
Oregon,Sport,5.7,48,3314,69.04166666666667,27.0,3017,62.854166666666664,26.0
Oregon,Sport,5.8,80,6272,78.4,18.5,5652,70.65,17.0
Oregon,Sport,5.9,76,6200,81.57894736842105,21.5,5549,73.01315789473684,18.0
Oregon,Sport,,1,1,1.0,1.0,1,1.0,1.0
Oregon,Trad,5.1,1,3,3.0,3.0,3,3.0,3.0
Oregon,Trad,5.10,242,4943,20.425619834710744,6.0,4302,17.776859504132233,6.0
Oregon,Trad,5.11,73,649,8.89041095890411,4.0,573,7.8493150684931505,4.0
Oregon,Trad,5.12,34,196,5.764705882352941,3.0,166,4.882352941176471,3.0
Oregon,Trad,5.13,2,3,1.5,1.5,3,1.5,1.5
Oregon,Trad,5.2,1,49,49.0,49.0,48,48.0,48.0
Oregon,Trad,5.3,2,5,2.5,2.5,5,2.5,2.5
Oregon,Trad,5.4,9,383,42.55555555555556,32.0,345,38.333333333333336,29.0
Oregon,Trad,5.5,8,42,5.25,5.5,41,5.125,5.5
Oregon,Trad,5.6,35,1673,47.8,9.0,1495,42.714285714285715,8.0
Oregon,Trad,5.7,52,1905,36.63461538461539,15.5,1706,32.80769230769231,13.0
Oregon,Trad,5.8,84,2101,25.011904761904763,9.5,1825,21.726190476190474,8.0
Oregon,Trad,5.9,117,3003,25.666666666666668,8.0,2464,21.05982905982906,7.0
Oregon,Trad,,5,80,16.0,3.0,75,15.0,3.0
Pennsylvania,Bouldering,V-easy,17,22,1.2941176470588236,1.0,21,1.2352941176470589,1.0
Pennsylvania,Bouldering,V0,93,574,6.172043010752688,3.0,541,5.817204301075269,3.0
Pennsylvania,Bouldering,V1,90,456,5.066666666666666,2.0,425,4.722222222222222,2.0
Pennsylvania,Bouldering,V10,1,1,1.0,1.0,1,1.0,1.0
Pennsylvania,Bouldering,V2,90,377,4.188888888888889,2.0,367,4.0777777777777775,2.0
Pennsylvania,Bouldering,V3,84,466,5.5476190476190474,2.0,443,5.273809523809524,2.0
Pennsylvania,Bouldering,V4,74,398,5.378378378378378,2.0,383,5.175675675675675,2.0
Pennsylvania,Bouldering,V5,46,286,6.217391304347826,2.0,279,6.065217391304348,2.0
Pennsylvania,Bouldering,V6,32,82,2.5625,2.0,79,2.46875,2.0
Pennsylvania,Bouldering,V7,18,42,2.3333333333333335,1.0,36,2.0,1.0
Pennsylvania,Bouldering,V8,19,40,2.1052631578947367,2.0,38,2.0,2.0
Pennsylvania,Bouldering,V9,4,4,1.0,1.0,4,1.0,1.0
Pennsylvania,Sport,5.10,133,2195,16.50375939849624,5.0,1855,13.947368421052632,5.0
Pennsylvania,Sport,5.11,74,898,12.135135135135135,5.0,732,9.891891891891891,4.0
Pennsylvania,Sport,5.12,30,160,5.333333333333333,3.0,146,4.866666666666666,2.5
Pennsylvania,Sport,5.13,6,26,4.333333333333333,2.0,20,3.3333333333333335,2.0
Pennsylvania,Sport,5.2,2,52,26.0,26.0,50,25.0,25.0
Pennsylvania,Sport,5.3,2,59,29.5,29.5,57,28.5,28.5
Pennsylvania,Sport,5.4,1,7,7.0,7.0,7,7.0,7.0
Pennsylvania,Sport,5.5,6,224,37.333333333333336,35.5,196,32.666666666666664,33.0
Pennsylvania,Sport,5.6,17,559,32.88235294117647,16.0,469,27.58823529411765,13.0
Pennsylvania,Sport,5.7,35,1824,52.114285714285714,33.0,1516,43.31428571428572,29.0
Pennsylvania,Sport,5.8,63,2616,41.523809523809526,17.0,2105,33.41269841269841,17.0
Pennsylvania,Sport,5.9,90,2421,26.9,13.0,2012,22.355555555555554,12.0
Pennsylvania,Trad,5.10,30,144,4.8,2.0,130,4.333333333333333,2.0
Pennsylvania,Trad,5.11,10,21,2.1,1.0,20,2.0,1.0
Pennsylvania,Trad,5.12,2,2,1.0,1.0,2,1.0,1.0
Pennsylvania,Trad,5.2,5,9,1.8,2.0,9,1.8,2.0
Pennsylvania,Trad,5.3,14,135,9.642857142857142,3.5,115,8.214285714285714,2.5
Pennsylvania,Trad,5.4,22,312,14.181818181818182,9.5,275,12.5,8.5
Pennsylvania,Trad,5.5,24,192,8.0,6.0,167,6.958333333333333,5.5
Pennsylvania,Trad,5.6,35,275,7.857142857142857,4.0,251,7.171428571428572,3.0
Pennsylvania,Trad,5.7,37,251,6.783783783783784,5.0,229,6.1891891891891895,4.0
Pennsylvania,Trad,5.8,39,282,7.230769230769231,4.0,252,6.461538461538462,4.0
Pennsylvania,Trad,5.9,27,143,5.296296296296297,2.0,135,5.0,2.0
Pennsylvania,Trad,,2,3,1.5,1.5,3,1.5,1.5
Rhode Island,Bouldering,V-easy,11,90,8.181818181818182,4.0,87,7.909090909090909,3.0
Rhode Island,Bouldering,V0,90,879,9.766666666666667,4.0,837,9.3,4.0
Rhode Island,Bouldering,V1,77,562,7.298701298701299,3.0,542,7.038961038961039,3.0
Rhode Island,Bouldering,V10,11,33,3.0,2.0,32,2.909090909090909,2.0
Rhode Island,Bouldering,V11,6,13,2.1666666666666665,1.5,13,2.1666666666666665,1.5
Rhode Island,Bouldering,V12,2,4,2.0,2.0,4,2.0,2.0
Rhode Island,Bouldering,V13,1,1,1.0,1.0,1,1.0,1.0
Rhode Island,Bouldering,V16,1,2,2.0,2.0,2,2.0,2.0
Rhode Island,Bouldering,V2,60,766,12.766666666666667,3.0,731,12.183333333333334,3.0
Rhode Island,Bouldering,V3,65,696,10.707692307692307,3.0,669,10.292307692307693,3.0
Rhode Island,Bouldering,V4,59,683,11.576271186440678,3.0,650,11.016949152542374,2.0
Rhode Island,Bouldering,V5,48,409,8.520833333333334,2.0,400,8.333333333333334,2.0
Rhode Island,Bouldering,V6,39,233,5.9743589743589745,2.0,224,5.743589743589744,2.0
Rhode Island,Bouldering,V7,32,263,8.21875,4.5,255,7.96875,4.0
Rhode Island,Bouldering,V8,24,168,7.0,2.5,165,6.875,2.5
Rhode Island,Bouldering,V9,24,98,4.083333333333333,3.0,96,4.0,3.0
Rhode Island,Trad,5.9,1,2,2.0,2.0,2,2.0,2.0
South Carolina,Bouldering,V0,2,5,2.5,2.5,5,2.5,2.5
South Carolina,Bouldering,V1,2,5,2.5,2.5,5,2.5,2.5
South Carolina,Bouldering,V3,3,8,2.6666666666666665,3.0,8,2.6666666666666665,3.0
South Carolina,Bouldering,V4,1,2,2.0,2.0,2,2.0,2.0
South Carolina,Sport,5.10,5,14,2.8,3.0,12,2.4,2.0
South Carolina,Sport,5.11,3,8,2.6666666666666665,3.0,6,2.0,1.0
South Carolina,Sport,5.4,1,1,1.0,1.0,1,1.0,1.0
South Carolina,Sport,5.6,3,7,2.3333333333333335,3.0,6,2.0,2.0
South Carolina,Sport,5.7,1,3,3.0,3.0,2,2.0,2.0
South Carolina,Sport,5.8,3,10,3.3333333333333335,3.0,9,3.0,3.0
South Carolina,Sport,5.9,1,1,1.0,1.0,1,1.0,1.0
South Carolina,Trad,5.10,10,33,3.3,1.0,27,2.7,1.0
South Carolina,Trad,5.11,3,16,5.333333333333333,7.0,11,3.6666666666666665,4.0
South Carolina,Trad,5.12,2,2,1.0,1.0,2,1.0,1.0
South Carolina,Trad,5.8,5,17,3.4,3.0,13,2.6,2.0
South Carolina,Trad,5.9,5,8,1.6,1.0,7,1.4,1.0
South Dakota,Bouldering,V-easy,3,3,1.0,1.0,3,1.0,1.0
South Dakota,Bouldering,V0,16,55,3.4375,2.5,54,3.375,2.5
South Dakota,Bouldering,V1,34,66,1.9411764705882353,1.0,66,1.9411764705882353,1.0
South Dakota,Bouldering,V2,41,105,2.5609756097560976,2.0,105,2.5609756097560976,2.0
South Dakota,Bouldering,V3,38,67,1.763157894736842,1.0,67,1.763157894736842,1.0
South Dakota,Bouldering,V4,33,70,2.121212121212121,2.0,70,2.121212121212121,2.0
South Dakota,Bouldering,V5,26,70,2.6923076923076925,2.0,68,2.6153846153846154,2.0
South Dakota,Bouldering,V6,17,30,1.7647058823529411,1.0,30,1.7647058823529411,1.0
South Dakota,Bouldering,V7,13,27,2.076923076923077,1.0,27,2.076923076923077,1.0
South Dakota,Bouldering,V8,4,5,1.25,1.0,5,1.25,1.0
South Dakota,Bouldering,V9,4,4,1.0,1.0,4,1.0,1.0
South Dakota,Sport,5.10,245,2375,9.693877551020408,5.0,2196,8.963265306122448,5.0
South Dakota,Sport,5.11,225,1209,5.373333333333333,3.0,1115,4.955555555555556,3.0
South Dakota,Sport,5.12,148,740,5.0,2.0,655,4.425675675675675,2.0
South Dakota,Sport,5.13,21,39,1.8571428571428572,1.0,38,1.8095238095238095,1.0
South Dakota,Sport,5.3,2,23,11.5,11.5,22,11.0,11.0
South Dakota,Sport,5.4,3,92,30.666666666666668,22.0,80,26.666666666666668,21.0
South Dakota,Sport,5.5,8,262,32.75,20.0,235,29.375,17.5
South Dakota,Sport,5.6,21,679,32.333333333333336,18.0,627,29.857142857142858,18.0
South Dakota,Sport,5.7,36,1054,29.27777777777778,19.5,973,27.02777777777778,17.0
South Dakota,Sport,5.8,67,1905,28.432835820895523,14.0,1748,26.08955223880597,13.0
South Dakota,Sport,5.9,94,1351,14.372340425531915,6.5,1245,13.24468085106383,6.0
South Dakota,Trad,5.1,1,1,1.0,1.0,1,1.0,1.0
South Dakota,Trad,5.10,94,397,4.223404255319149,2.0,366,3.893617021276596,2.0
South Dakota,Trad,5.11,24,61,2.5416666666666665,1.0,48,2.0,1.0
South Dakota,Trad,5.12,10,19,1.9,1.0,16,1.6,1.0
South Dakota,Trad,5.13,1,1,1.0,1.0,1,1.0,1.0
South Dakota,Trad,5.2,3,5,1.6666666666666667,1.0,5,1.6666666666666667,1.0
South Dakota,Trad,5.3,11,228,20.727272727272727,4.0,194,17.636363636363637,4.0
South Dakota,Trad,5.4,12,240,20.0,4.0,203,16.916666666666668,4.0
South Dakota,Trad,5.5,8,56,7.0,3.5,55,6.875,3.5
South Dakota,Trad,5.6,41,361,8.804878048780488,3.0,323,7.878048780487805,3.0
South Dakota,Trad,5.7,78,947,12.14102564102564,3.0,872,11.179487179487179,3.0
South Dakota,Trad,5.8,76,968,12.736842105263158,3.5,835,10.986842105263158,3.0
South Dakota,Trad,5.9,79,433,5.481012658227848,2.0,378,4.784810126582278,2.0
South Dakota,Trad,,1,6,6.0,6.0,5,5.0,5.0
Tennessee,Bouldering,V-easy,2,4,2.0,2.0,4,2.0,2.0
Tennessee,Bouldering,V0,37,414,11.18918918918919,5.0,393,10.621621621621621,5.0
Tennessee,Bouldering,V1,49,1310,26.73469387755102,7.0,1242,25.346938775510203,7.0
Tennessee,Bouldering,V10,10,24,2.4,2.0,24,2.4,2.0
Tennessee,Bouldering,V11,2,2,1.0,1.0,2,1.0,1.0
Tennessee,Bouldering,V12,2,2,1.0,1.0,2,1.0,1.0
Tennessee,Bouldering,V2,33,603,18.272727272727273,8.0,591,17.90909090909091,8.0
Tennessee,Bouldering,V3,58,1378,23.75862068965517,7.0,1343,23.155172413793103,7.0
Tennessee,Bouldering,V4,49,2054,41.91836734693877,18.0,1985,40.51020408163265,18.0
Tennessee,Bouldering,V5,36,1005,27.916666666666668,9.0,961,26.694444444444443,8.0
Tennessee,Bouldering,V6,33,685,20.757575757575758,8.0,669,20.272727272727273,8.0
Tennessee,Bouldering,V7,32,530,16.5625,7.5,525,16.40625,7.5
Tennessee,Bouldering,V8,18,140,7.777777777777778,4.0,137,7.611111111111111,4.0
Tennessee,Bouldering,V9,12,42,3.5,2.5,41,3.4166666666666665,2.5
Tennessee,Sport,5.10,193,4918,25.481865284974095,9.0,4471,23.16580310880829,9.0
Tennessee,Sport,5.11,173,2791,16.13294797687861,6.0,2603,15.046242774566474,5.0
Tennessee,Sport,5.12,141,1060,7.5177304964539005,3.0,1000,7.092198581560283,3.0
Tennessee,Sport,5.13,26,67,2.576923076923077,2.0,65,2.5,2.0
Tennessee,Sport,5.3,1,5,5.0,5.0,5,5.0,5.0
Tennessee,Sport,5.4,2,45,22.5,22.5,42,21.0,21.0
Tennessee,Sport,5.5,10,392,39.2,24.0,358,35.8,21.5
Tennessee,Sport,5.6,6,141,23.5,16.0,134,22.333333333333332,15.0
Tennessee,Sport,5.7,23,1184,51.47826086956522,24.0,1065,46.30434782608695,22.0
Tennessee,Sport,5.8,45,1713,38.06666666666667,14.0,1581,35.13333333333333,14.0
Tennessee,Sport,5.9,81,3613,44.60493827160494,16.0,3312,40.888888888888886,14.0
Tennessee,Sport,,1,2,2.0,2.0,2,2.0,2.0
Tennessee,Trad,5.10,111,2376,21.405405405405407,6.0,2130,19.18918918918919,5.0
Tennessee,Trad,5.11,49,377,7.6938775510204085,2.0,346,7.061224489795919,2.0
Tennessee,Trad,5.12,19,77,4.052631578947368,2.0,75,3.9473684210526314,2.0
Tennessee,Trad,5.13,1,2,2.0,2.0,2,2.0,2.0
Tennessee,Trad,5.4,4,14,3.5,3.0,12,3.0,3.0
Tennessee,Trad,5.5,8,63,7.875,2.0,63,7.875,2.0
Tennessee,Trad,5.6,17,273,16.058823529411764,5.0,251,14.764705882352942,5.0
Tennessee,Trad,5.7,53,1649,31.11320754716981,6.0,1493,28.169811320754718,6.0
Tennessee,Trad,5.8,83,2282,27.49397590361446,6.0,2044,24.626506024096386,6.0
Tennessee,Trad,5.9,84,2245,26.726190476190474,6.0,1971,23.464285714285715,6.0
Texas,Bouldering,V-easy,7,14,2.0,2.0,14,2.0,2.0
Texas,Bouldering,V0,156,1012,6.487179487179487,2.0,972,6.230769230769231,2.0
Texas,Bouldering,V1,126,852,6.761904761904762,3.0,810,6.428571428571429,2.0
Texas,Bouldering,V10,17,57,3.3529411764705883,2.0,52,3.0588235294117645,2.0
Texas,Bouldering,V11,4,5,1.25,1.0,4,1.0,1.0
Texas,Bouldering,V12,1,2,2.0,2.0,1,1.0,1.0
Texas,Bouldering,V2,111,1291,11.63063063063063,3.0,1235,11.126126126126126,3.0
Texas,Bouldering,V3,109,943,8.65137614678899,3.0,914,8.385321100917432,3.0
Texas,Bouldering,V4,106,1008,9.50943396226415,3.0,973,9.179245283018869,3.0
Texas,Bouldering,V5,69,802,11.623188405797102,4.0,773,11.202898550724637,4.0
Texas,Bouldering,V6,59,471,7.983050847457627,4.0,459,7.779661016949152,4.0
Texas,Bouldering,V7,42,434,10.333333333333334,5.0,409,9.738095238095237,4.5
Texas,Bouldering,V8,39,214,5.487179487179487,4.0,201,5.153846153846154,3.0
Texas,Bouldering,V9,32,102,3.1875,2.0,87,2.71875,2.0
Texas,Sport,5.10,227,4256,18.748898678414097,8.0,3746,16.502202643171806,7.0
Texas,Sport,5.11,176,1785,10.142045454545455,4.0,1584,9.0,4.0
Texas,Sport,5.12,106,728,6.867924528301887,2.0,591,5.5754716981132075,2.0
Texas,Sport,5.13,28,84,3.0,1.0,62,2.2142857142857144,1.0
Texas,Sport,5.3,1,2,2.0,2.0,2,2.0,2.0
Texas,Sport,5.4,1,2,2.0,2.0,2,2.0,2.0
Texas,Sport,5.5,6,150,25.0,16.5,130,21.666666666666668,15.5
Texas,Sport,5.6,13,329,25.307692307692307,10.0,286,22.0,9.0
Texas,Sport,5.7,31,885,28.548387096774192,13.0,793,25.580645161290324,13.0
Texas,Sport,5.8,75,2799,37.32,18.0,2439,32.52,15.0
Texas,Sport,5.9,100,2491,24.91,13.5,2275,22.75,12.0
Texas,Trad,5.10,38,634,16.68421052631579,3.5,508,13.368421052631579,3.0
Texas,Trad,5.11,23,154,6.695652173913044,4.0,109,4.739130434782608,2.0
Texas,Trad,5.12,9,58,6.444444444444445,2.0,21,2.3333333333333335,2.0
Texas,Trad,5.13,1,1,1.0,1.0,1,1.0,1.0
Texas,Trad,5.2,2,2,1.0,1.0,2,1.0,1.0
Texas,Trad,5.3,1,17,17.0,17.0,17,17.0,17.0
Texas,Trad,5.4,5,150,30.0,21.0,133,26.6,21.0
Texas,Trad,5.5,5,257,51.4,12.0,213,42.6,11.0
Texas,Trad,5.6,12,386,32.166666666666664,13.0,326,27.166666666666668,12.0
Texas,Trad,5.7,32,689,21.53125,5.5,591,18.46875,5.0
Texas,Trad,5.8,21,491,23.38095238095238,5.0,424,20.19047619047619,5.0
Texas,Trad,5.9,31,512,16.516129032258064,5.0,432,13.935483870967742,5.0
Texas,Trad,,7,47,6.714285714285714,6.0,45,6.428571428571429,6.0
Utah,Bouldering,V-easy,20,84,4.2,1.0,82,4.1,1.0
Utah,Bouldering,V0,192,2087,10.869791666666666,3.0,2008,10.458333333333334,3.0
Utah,Bouldering,V1,241,2417,10.029045643153527,2.0,2322,9.634854771784232,2.0
Utah,Bouldering,V10,24,88,3.6666666666666665,2.0,85,3.5416666666666665,2.0
Utah,Bouldering,V11,5,11,2.2,1.0,11,2.2,1.0
Utah,Bouldering,V12,1,1,1.0,1.0,1,1.0,1.0
Utah,Bouldering,V13,1,10,10.0,10.0,10,10.0,10.0
Utah,Bouldering,V2,258,4007,15.531007751937985,4.0,3731,14.46124031007752,4.0
Utah,Bouldering,V3,236,3842,16.279661016949152,3.0,3670,15.55084745762712,3.0
Utah,Bouldering,V4,194,2819,14.530927835051546,5.0,2678,13.804123711340207,4.5
Utah,Bouldering,V5,147,2034,13.83673469387755,5.0,1970,13.401360544217686,4.0
Utah,Bouldering,V6,126,2060,16.349206349206348,6.0,1997,15.84920634920635,6.0
Utah,Bouldering,V7,88,979,11.125,4.0,956,10.863636363636363,4.0
Utah,Bouldering,V8,53,258,4.867924528301887,2.0,249,4.69811320754717,2.0
Utah,Bouldering,V9,38,168,4.421052631578948,2.5,161,4.2368421052631575,2.5
Utah,Sport,5.1,4,25,6.25,6.0,25,6.25,6.0
Utah,Sport,5.10,1143,31179,27.278215223097114,11.0,27717,24.249343832020998,10.0
Utah,Sport,5.11,863,14349,16.62688296639629,6.0,12736,14.757821552723058,5.0
Utah,Sport,5.12,532,6906,12.981203007518797,5.0,6186,11.62781954887218,5.0
Utah,Sport,5.13,133,506,3.8045112781954886,2.0,469,3.526315789473684,2.0
Utah,Sport,5.14,1,1,1.0,1.0,1,1.0,1.0
Utah,Sport,5.2,2,19,9.5,9.5,16,8.0,8.0
Utah,Sport,5.3,6,127,21.166666666666668,8.5,117,19.5,8.0
Utah,Sport,5.4,11,536,48.72727272727273,9.0,481,43.72727272727273,7.0
Utah,Sport,5.5,44,1410,32.04545454545455,6.5,1233,28.022727272727273,6.5
Utah,Sport,5.6,104,4045,38.89423076923077,8.0,3425,32.93269230769231,8.0
Utah,Sport,5.7,186,7903,42.48924731182796,13.0,7038,37.83870967741935,12.0
Utah,Sport,5.8,300,11169,37.23,13.0,9760,32.53333333333333,12.5
Utah,Sport,5.9,426,15942,37.42253521126761,17.0,14025,32.92253521126761,15.0
Utah,Trad,5.0,1,1,1.0,1.0,1,1.0,1.0
Utah,Trad,5.10,995,32295,32.45728643216081,6.0,29309,29.456281407035174,5.0
Utah,Trad,5.11,739,16415,22.212449255751014,4.0,14953,20.234100135318,4.0
Utah,Trad,5.12,244,2736,11.21311475409836,3.0,2512,10.295081967213115,3.0
Utah,Trad,5.13,25,114,4.56,3.0,103,4.12,3.0
Utah,Trad,5.2,1,2,2.0,2.0,2,2.0,2.0
Utah,Trad,5.3,5,180,36.0,7.0,159,31.8,6.0
Utah,Trad,5.4,31,419,13.516129032258064,3.0,383,12.35483870967742,3.0
Utah,Trad,5.5,50,1526,30.52,12.0,1277,25.54,11.0
Utah,Trad,5.6,126,3379,26.817460317460316,5.0,2874,22.80952380952381,5.0
Utah,Trad,5.7,229,7399,32.31004366812227,5.0,6067,26.49344978165939,5.0
Utah,Trad,5.8,315,11132,35.33968253968254,5.0,9460,30.03174603174603,5.0
Utah,Trad,5.9,429,16767,39.08391608391609,6.0,14546,33.90675990675991,6.0
Utah,Trad,,15,250,16.666666666666668,3.0,187,12.466666666666667,3.0
Vermont,Bouldering,V-easy,5,6,1.2,1.0,6,1.2,1.0
Vermont,Bouldering,V0,26,93,3.576923076923077,1.0,87,3.3461538461538463,1.0
Vermont,Bouldering,V1,32,167,5.21875,2.0,161,5.03125,2.0
Vermont,Bouldering,V10,7,17,2.4285714285714284,1.0,16,2.2857142857142856,1.0
Vermont,Bouldering,V11,5,8,1.6,2.0,8,1.6,2.0
Vermont,Bouldering,V12,3,6,2.0,1.0,5,1.6666666666666667,1.0
Vermont,Bouldering,V2,45,259,5.7555555555555555,3.0,245,5.444444444444445,3.0
Vermont,Bouldering,V3,22,217,9.863636363636363,4.0,205,9.318181818181818,4.0
Vermont,Bouldering,V4,23,81,3.5217391304347827,3.0,81,3.5217391304347827,3.0
Vermont,Bouldering,V5,18,128,7.111111111111111,4.0,122,6.777777777777778,4.0
Vermont,Bouldering,V6,14,77,5.5,2.0,76,5.428571428571429,2.0
Vermont,Bouldering,V7,9,65,7.222222222222222,5.0,63,7.0,5.0
Vermont,Bouldering,V8,18,76,4.222222222222222,2.0,75,4.166666666666667,2.0
Vermont,Bouldering,V9,6,8,1.3333333333333333,1.0,8,1.3333333333333333,1.0
Vermont,Sport,5.10,29,229,7.896551724137931,6.0,218,7.517241379310345,5.0
Vermont,Sport,5.11,17,90,5.294117647058823,3.0,80,4.705882352941177,3.0
Vermont,Sport,5.12,17,44,2.588235294117647,2.0,44,2.588235294117647,2.0
Vermont,Sport,5.13,4,6,1.5,1.0,6,1.5,1.0
Vermont,Sport,5.6,2,2,1.0,1.0,2,1.0,1.0
Vermont,Sport,5.7,9,64,7.111111111111111,5.0,61,6.777777777777778,5.0
Vermont,Sport,5.8,11,199,18.09090909090909,7.0,189,17.181818181818183,7.0
Vermont,Sport,5.9,18,169,9.38888888888889,6.0,158,8.777777777777779,5.5
Vermont,Trad,5.10,42,293,6.976190476190476,2.5,254,6.0476190476190474,2.0
Vermont,Trad,5.11,17,48,2.823529411764706,2.0,46,2.7058823529411766,1.0
Vermont,Trad,5.12,4,6,1.5,1.5,6,1.5,1.5
Vermont,Trad,5.2,1,6,6.0,6.0,6,6.0,6.0
Vermont,Trad,5.4,1,9,9.0,9.0,7,7.0,7.0
Vermont,Trad,5.5,8,58,7.25,3.5,58,7.25,3.5
Vermont,Trad,5.6,9,96,10.666666666666666,4.0,92,10.222222222222221,3.0
Vermont,Trad,5.7,21,177,8.428571428571429,3.0,168,8.0,2.0
Vermont,Trad,5.8,25,337,13.48,3.0,313,12.52,3.0
Vermont,Trad,5.9,26,111,4.269230769230769,3.0,108,4.153846153846154,3.0
Vermont,Trad,,2,2,1.0,1.0,2,1.0,1.0
Virginia,Bouldering,V-easy,5,10,2.0,1.0,10,2.0,1.0
Virginia,Bouldering,V0,109,439,4.027522935779817,2.0,428,3.926605504587156,2.0
Virginia,Bouldering,V1,75,285,3.8,2.0,275,3.6666666666666665,2.0
Virginia,Bouldering,V2,71,294,4.140845070422535,2.0,283,3.9859154929577465,2.0
Virginia,Bouldering,V3,88,435,4.943181818181818,2.0,412,4.681818181818182,2.0
Virginia,Bouldering,V4,76,237,3.1184210526315788,1.5,219,2.8815789473684212,1.5
Virginia,Bouldering,V5,41,117,2.8536585365853657,1.0,111,2.707317073170732,1.0
Virginia,Bouldering,V6,32,53,1.65625,1.0,53,1.65625,1.0
Virginia,Bouldering,V7,23,45,1.9565217391304348,1.0,45,1.9565217391304348,1.0
Virginia,Bouldering,V8,10,14,1.4,1.0,14,1.4,1.0
Virginia,Bouldering,V9,5,6,1.2,1.0,6,1.2,1.0
Virginia,Sport,5.10,22,487,22.136363636363637,5.0,381,17.318181818181817,4.5
Virginia,Sport,5.11,7,14,2.0,1.0,14,2.0,1.0
Virginia,Sport,5.12,2,2,1.0,1.0,2,1.0,1.0
Virginia,Sport,5.5,3,10,3.3333333333333335,3.0,8,2.6666666666666665,3.0
Virginia,Sport,5.6,4,152,38.0,26.5,129,32.25,23.5
Virginia,Sport,5.7,8,243,30.375,13.5,205,25.625,13.0
Virginia,Sport,5.8,9,467,51.888888888888886,22.0,363,40.333333333333336,15.0
Virginia,Sport,5.9,16,397,24.8125,3.0,325,20.3125,3.0
Virginia,Trad,5.1,2,6,3.0,3.0,6,3.0,3.0
Virginia,Trad,5.10,57,337,5.912280701754386,2.0,299,5.245614035087719,2.0
Virginia,Trad,5.11,18,78,4.333333333333333,4.0,72,4.0,3.5
Virginia,Trad,5.12,4,7,1.75,1.5,6,1.5,1.0
Virginia,Trad,5.13,1,1,1.0,1.0,1,1.0,1.0
Virginia,Trad,5.2,4,10,2.5,2.5,10,2.5,2.5
Virginia,Trad,5.3,6,11,1.8333333333333333,1.5,11,1.8333333333333333,1.5
Virginia,Trad,5.4,11,154,14.0,7.0,135,12.272727272727273,6.0
Virginia,Trad,5.5,14,120,8.571428571428571,5.5,106,7.571428571428571,5.5
Virginia,Trad,5.6,30,236,7.866666666666666,4.0,212,7.066666666666666,3.5
Virginia,Trad,5.7,39,447,11.461538461538462,6.0,392,10.051282051282051,5.0
Virginia,Trad,5.8,47,571,12.148936170212766,3.0,473,10.063829787234043,3.0
Virginia,Trad,5.9,51,399,7.823529411764706,3.0,360,7.0588235294117645,3.0
Virginia,Trad,,7,14,2.0,1.0,14,2.0,1.0
Washington,Bouldering,V-easy,11,51,4.636363636363637,1.0,49,4.454545454545454,1.0
Washington,Bouldering,V0,93,759,8.161290322580646,3.0,725,7.795698924731183,3.0
Washington,Bouldering,V1,86,576,6.6976744186046515,2.0,548,6.372093023255814,2.0
Washington,Bouldering,V10,7,15,2.142857142857143,2.0,15,2.142857142857143,2.0
Washington,Bouldering,V11,3,3,1.0,1.0,3,1.0,1.0
Washington,Bouldering,V2,109,1029,9.440366972477063,3.0,973,8.926605504587156,2.0
Washington,Bouldering,V3,95,862,9.073684210526316,3.0,826,8.694736842105263,3.0
Washington,Bouldering,V4,61,983,16.114754098360656,5.0,930,15.245901639344263,5.0
Washington,Bouldering,V5,53,284,5.3584905660377355,3.0,275,5.188679245283019,3.0
Washington,Bouldering,V6,43,311,7.232558139534884,2.0,296,6.883720930232558,2.0
Washington,Bouldering,V7,38,231,6.078947368421052,3.0,222,5.842105263157895,3.0
Washington,Bouldering,V8,32,156,4.875,2.5,154,4.8125,2.5
Washington,Bouldering,V9,15,47,3.1333333333333333,2.0,47,3.1333333333333333,2.0
Washington,Sport,5.1,1,91,91.0,91.0,82,82.0,82.0
Washington,Sport,5.10,556,10971,19.73201438848921,7.0,9680,17.41007194244604,7.0
Washington,Sport,5.11,326,3385,10.383435582822086,4.0,2852,8.748466257668712,4.0
Washington,Sport,5.12,125,955,7.64,2.0,738,5.904,2.0
Washington,Sport,5.13,31,77,2.4838709677419355,1.0,63,2.032258064516129,1.0
Washington,Sport,5.14,3,5,1.6666666666666667,2.0,5,1.6666666666666667,2.0
Washington,Sport,5.2,2,9,4.5,4.5,9,4.5,4.5
Washington,Sport,5.3,3,12,4.0,2.0,10,3.3333333333333335,2.0
Washington,Sport,5.4,15,482,32.13333333333333,9.0,421,28.066666666666666,9.0
Washington,Sport,5.5,25,454,18.16,6.0,401,16.04,6.0
Washington,Sport,5.6,43,1105,25.697674418604652,15.0,1005,23.372093023255815,13.0
Washington,Sport,5.7,114,3251,28.517543859649123,12.5,2948,25.859649122807017,10.5
Washington,Sport,5.8,201,4832,24.039800995024876,8.0,4318,21.48258706467662,7.0
Washington,Sport,5.9,266,7678,28.86466165413534,9.0,6804,25.57894736842105,8.0
Washington,Trad,5.10,429,6759,15.755244755244755,4.0,5794,13.505827505827506,4.0
Washington,Trad,5.11,170,2283,13.429411764705883,3.0,1883,11.076470588235294,3.0
Washington,Trad,5.12,38,205,5.394736842105263,2.0,169,4.447368421052632,2.0
Washington,Trad,5.13,4,79,19.75,3.0,61,15.25,3.0
Washington,Trad,5.2,2,6,3.0,3.0,5,2.5,2.5
Washington,Trad,5.3,8,36,4.5,2.5,34,4.25,2.5
Washington,Trad,5.4,19,688,36.21052631578947,9.0,574,30.210526315789473,6.0
Washington,Trad,5.5,19,488,25.68421052631579,6.0,428,22.526315789473685,6.0
Washington,Trad,5.6,78,3105,39.80769230769231,15.5,2696,34.56410256410256,14.0
Washington,Trad,5.7,147,4456,30.312925170068027,8.0,3817,25.965986394557824,8.0
Washington,Trad,5.8,213,5377,25.24413145539906,7.0,4672,21.934272300469484,7.0
Washington,Trad,5.9,226,6771,29.960176991150444,7.0,5702,25.23008849557522,6.0
Washington,Trad,,15,195,13.0,6.0,186,12.4,6.0
West Virginia,Bouldering,V-easy,2,5,2.5,2.5,5,2.5,2.5
West Virginia,Bouldering,V0,40,162,4.05,2.0,149,3.725,2.0
West Virginia,Bouldering,V1,37,167,4.513513513513513,2.0,153,4.135135135135135,2.0
West Virginia,Bouldering,V2,50,208,4.16,2.0,198,3.96,2.0
West Virginia,Bouldering,V3,60,215,3.5833333333333335,2.0,203,3.3833333333333333,2.0
West Virginia,Bouldering,V4,51,154,3.019607843137255,1.0,137,2.6862745098039214,1.0
West Virginia,Bouldering,V5,41,179,4.365853658536586,2.0,164,4.0,2.0
West Virginia,Bouldering,V6,18,31,1.7222222222222223,1.0,30,1.6666666666666667,1.0
West Virginia,Bouldering,V7,9,18,2.0,1.0,18,2.0,1.0
West Virginia,Bouldering,V8,2,4,2.0,2.0,4,2.0,2.0
West Virginia,Sport,5.10,170,7649,44.99411764705882,14.5,7165,42.14705882352941,14.5
West Virginia,Sport,5.11,192,4921,25.630208333333332,9.0,4571,23.807291666666668,8.5
West Virginia,Sport,5.12,216,2858,13.231481481481481,4.0,2693,12.467592592592593,4.0
West Virginia,Sport,5.13,62,273,4.403225806451613,1.5,260,4.193548387096774,1.0
West Virginia,Sport,5.14,4,6,1.5,1.0,6,1.5,1.0
West Virginia,Sport,5.3,1,1,1.0,1.0,1,1.0,1.0
West Virginia,Sport,5.5,2,103,51.5,51.5,100,50.0,50.0
West Virginia,Sport,5.6,8,529,66.125,17.0,492,61.5,17.0
West Virginia,Sport,5.7,21,2365,112.61904761904762,40.0,2160,102.85714285714286,36.0
West Virginia,Sport,5.8,41,2392,58.34146341463415,15.0,2176,53.073170731707314,14.0
West Virginia,Sport,5.9,58,3260,56.206896551724135,30.0,3007,51.8448275862069,27.0
West Virginia,Sport,,1,1,1.0,1.0,1,1.0,1.0
West Virginia,Trad,5.0,1,3,3.0,3.0,3,3.0,3.0
West Virginia,Trad,5.1,3,10,3.3333333333333335,2.0,10,3.3333333333333335,2.0
West Virginia,Trad,5.10,182,3357,18.445054945054945,5.0,3061,16.818681318681318,4.0
West Virginia,Trad,5.11,83,700,8.433734939759036,3.0,634,7.63855421686747,3.0
West Virginia,Trad,5.12,26,41,1.5769230769230769,1.0,37,1.4230769230769231,1.0
West Virginia,Trad,5.13,1,2,2.0,2.0,2,2.0,2.0
West Virginia,Trad,5.2,3,506,168.66666666666666,165.0,416,138.66666666666666,133.0
West Virginia,Trad,5.3,4,355,88.75,17.0,265,66.25,15.0
West Virginia,Trad,5.4,22,1570,71.36363636363636,27.5,1338,60.81818181818182,26.0
West Virginia,Trad,5.5,28,268,9.571428571428571,3.0,239,8.535714285714286,3.0
West Virginia,Trad,5.6,46,2083,45.28260869565217,7.0,1837,39.93478260869565,6.0
West Virginia,Trad,5.7,83,3603,43.40963855421687,10.0,3244,39.08433734939759,9.0
West Virginia,Trad,5.8,83,2172,26.16867469879518,6.0,1940,23.373493975903614,5.0
West Virginia,Trad,5.9,129,2723,21.108527131782946,4.0,2414,18.713178294573645,4.0
West Virginia,Trad,,2,47,23.5,23.5,36,18.0,18.0
Wisconsin,Bouldering,V-easy,31,279,9.0,4.0,238,7.67741935483871,4.0
Wisconsin,Bouldering,V0,175,1638,9.36,3.0,1457,8.325714285714286,3.0
Wisconsin,Bouldering,V1,206,1516,7.359223300970874,2.0,1379,6.694174757281553,2.0
Wisconsin,Bouldering,V10,5,7,1.4,1.0,7,1.4,1.0
Wisconsin,Bouldering,V11,2,2,1.0,1.0,2,1.0,1.0
Wisconsin,Bouldering,V2,223,1276,5.721973094170403,2.0,1195,5.358744394618834,2.0
Wisconsin,Bouldering,V3,167,1013,6.065868263473054,2.0,958,5.736526946107785,2.0
Wisconsin,Bouldering,V4,144,1077,7.479166666666667,2.0,1012,7.027777777777778,2.0
Wisconsin,Bouldering,V5,79,338,4.2784810126582276,2.0,327,4.139240506329114,2.0
Wisconsin,Bouldering,V6,45,238,5.288888888888889,2.0,232,5.155555555555556,2.0
Wisconsin,Bouldering,V7,41,178,4.341463414634147,2.0,164,4.0,2.0
Wisconsin,Bouldering,V8,41,150,3.658536585365854,2.0,147,3.5853658536585367,2.0
Wisconsin,Bouldering,V9,14,34,2.4285714285714284,2.0,34,2.4285714285714284,2.0
Wisconsin,Sport,5.10,34,1019,29.970588235294116,19.0,838,24.647058823529413,17.0
Wisconsin,Sport,5.11,28,573,20.464285714285715,10.5,480,17.142857142857142,10.0
Wisconsin,Sport,5.12,38,289,7.605263157894737,3.5,264,6.947368421052632,3.0
Wisconsin,Sport,5.13,15,62,4.133333333333334,2.0,54,3.6,2.0
Wisconsin,Sport,5.7,4,397,99.25,122.5,300,75.0,93.0
Wisconsin,Sport,5.8,4,256,64.0,35.5,195,48.75,26.0
Wisconsin,Sport,5.9,22,768,34.90909090909091,10.0,596,27.09090909090909,10.0
Wisconsin,Trad,5.1,2,5,2.5,2.5,5,2.5,2.5
Wisconsin,Trad,5.10,86,1838,21.372093023255815,6.0,1493,17.36046511627907,6.0
Wisconsin,Trad,5.11,43,475,11.046511627906977,4.0,410,9.534883720930232,4.0
Wisconsin,Trad,5.12,20,45,2.25,2.0,41,2.05,2.0
Wisconsin,Trad,5.2,19,204,10.736842105263158,3.0,135,7.105263157894737,3.0
Wisconsin,Trad,5.3,28,496,17.714285714285715,4.5,403,14.392857142857142,4.5
Wisconsin,Trad,5.4,92,2055,22.33695652173913,7.5,1630,17.717391304347824,6.5
Wisconsin,Trad,5.5,69,1069,15.492753623188406,5.0,898,13.014492753623188,5.0
Wisconsin,Trad,5.6,110,3108,28.254545454545454,7.0,2483,22.572727272727274,6.5
Wisconsin,Trad,5.7,142,2494,17.56338028169014,8.0,2110,14.859154929577464,6.0
Wisconsin,Trad,5.8,129,2761,21.4031007751938,6.0,2282,17.689922480620154,5.0
Wisconsin,Trad,5.9,64,1094,17.09375,7.0,954,14.90625,6.0
Wisconsin,Trad,,9,23,2.5555555555555554,2.0,19,2.111111111111111,2.0
Wyoming,Bouldering,V-easy,7,20,2.857142857142857,2.0,20,2.857142857142857,2.0
Wyoming,Bouldering,V0,28,92,3.2857142857142856,3.0,87,3.107142857142857,2.0
Wyoming,Bouldering,V1,37,85,2.2972972972972974,2.0,82,2.2162162162162162,2.0
Wyoming,Bouldering,V10,1,1,1.0,1.0,1,1.0,1.0
Wyoming,Bouldering,V11,1,1,1.0,1.0,1,1.0,1.0
Wyoming,Bouldering,V2,41,95,2.317073170731707,1.0,88,2.1463414634146343,1.0
Wyoming,Bouldering,V3,42,97,2.3095238095238093,1.0,88,2.0952380952380953,1.0
Wyoming,Bouldering,V4,16,60,3.75,2.5,56,3.5,2.5
Wyoming,Bouldering,V5,20,72,3.6,2.0,69,3.45,2.0
Wyoming,Bouldering,V6,22,46,2.090909090909091,1.0,44,2.0,1.0
Wyoming,Bouldering,V7,13,19,1.4615384615384615,1.0,17,1.3076923076923077,1.0
Wyoming,Bouldering,V8,8,10,1.25,1.0,10,1.25,1.0
Wyoming,Bouldering,V9,2,5,2.5,2.5,5,2.5,2.5
Wyoming,Sport,5.10,512,12215,23.857421875,9.0,11618,22.69140625,8.0
Wyoming,Sport,5.11,474,7700,16.244725738396625,5.0,7325,15.453586497890296,5.0
Wyoming,Sport,5.12,326,4093,12.55521472392638,4.0,3830,11.748466257668712,4.0
Wyoming,Sport,5.13,69,252,3.652173913043478,2.0,238,3.449275362318841,2.0
Wyoming,Sport,5.14,2,4,2.0,2.0,4,2.0,2.0
Wyoming,Sport,5.4,4,77,19.25,5.0,71,17.75,4.5
Wyoming,Sport,5.5,9,214,23.77777777777778,13.0,186,20.666666666666668,13.0
Wyoming,Sport,5.6,28,445,15.892857142857142,5.0,415,14.821428571428571,5.0
Wyoming,Sport,5.7,50,1214,24.28,5.0,1129,22.58,5.0
Wyoming,Sport,5.8,92,2423,26.33695652173913,9.0,2239,24.33695652173913,7.5
Wyoming,Sport,5.9,128,3496,27.3125,14.0,3260,25.46875,12.5
Wyoming,Sport,,1,1,1.0,1.0,1,1.0,1.0
Wyoming,Trad,5.10,194,3718,19.164948453608247,5.5,3410,17.577319587628867,5.0
Wyoming,Trad,5.11,142,1495,10.528169014084508,3.5,1340,9.43661971830986,3.0
Wyoming,Trad,5.12,46,151,3.282608695652174,2.0,123,2.6739130434782608,2.0
Wyoming,Trad,5.13,2,2,1.0,1.0,2,1.0,1.0
Wyoming,Trad,5.2,4,29,7.25,7.0,27,6.75,6.0
Wyoming,Trad,5.3,3,17,5.666666666666667,8.0,17,5.666666666666667,8.0
Wyoming,Trad,5.4,12,903,75.25,12.5,823,68.58333333333333,10.0
Wyoming,Trad,5.5,25,1591,63.64,10.0,1442,57.68,9.0
Wyoming,Trad,5.6,56,1324,23.642857142857142,7.0,1245,22.232142857142858,6.5
Wyoming,Trad,5.7,105,3765,35.857142857142854,8.0,3482,33.161904761904765,8.0
Wyoming,Trad,5.8,130,2843,21.869230769230768,4.0,2676,20.584615384615386,4.0
Wyoming,Trad,5.9,136,3208,23.58823529411765,5.0,3001,22.066176470588236,5.0
Wyoming,Trad,,20,87,4.35,2.0,79,3.95,2.0
