column,dtype,missing_records
route_name,str,2
location,str,0
route_url,str,0
average_stars,float64,26664
route_type,str,0
rating_raw,str,0
pitches,Int64,25807
length_feet,float64,35129
area_latitude,float64,0
area_longitude,float64,0
mp_route_id,string,0
route_key,string,0
route_source,str,0
state,object,0
country,str,0
is_sport,boolean,0
is_trad,boolean,0
is_boulder,boolean,0
is_top_rope,boolean,0
is_alpine,boolean,0
is_aid,boolean,0
is_ice,boolean,0
is_snow,boolean,0
length_meters,float64,35129
grade,str,0
grade_system,str,0
grade_vscale,str,70703
protection_rating,str,89518
is_pg13,boolean,0
is_r,boolean,0
is_x,boolean,0
sampled_tick_record_count,Int64,0
sampled_climber_count,Int64,0
archived_route_name,str,131
archived_rating_raw,str,131
archived_route_type,str,131
archived_average_stars_raw,float64,131
archived_star_votes,Int64,131
rating_record_count,Int64,33798
rating_valid_count,Int64,33798
historical_average_user_rating,float64,33798
sampled_tick_archive_date,str,0
sampled_tick_source,str,0
sampled_tick_source_commit,str,0
popularity_measure,str,0
has_at_least_5_sampled_climbers,boolean,0
